<?xml version="1.0" encoding="utf-8"?>

<ripple xmlns:android="http://schemas.android.com/apk/res/android"
    android:color="@color/gray_edit_border">
    <item android:id="@android:id/mask">
        <shape android:shape="rectangle">
            <solid android:color="@color/gray_edit_border" />
        </shape>
    </item>

    <item android:id="@android:id/background">
        <shape android:shape="rectangle">
            <solid android:color="@color/transparent"/>
        </shape>
    </item>
</ripple>