<?xml version="1.0" encoding="utf-8"?>
<ripple xmlns:android="http://schemas.android.com/apk/res/android"
    android:color="@color/colorPrimaryDark">

    <item android:id="@android:id/mask">

        <shape android:shape="oval">
            <solid android:color="@color/green_light"/>
            <corners android:radius="@dimen/_100sdp"/>
        </shape>

    </item>

    <item android:id="@android:id/background">

        <shape android:shape="oval">
            <solid android:color="@color/transparent"/>
            <corners android:radius="@dimen/_100sdp"/>
        </shape>

    </item>
</ripple>
