<?xml version="1.0" encoding="utf-8"?>
<layer-list xmlns:android="http://schemas.android.com/apk/res/android">
    <item android:id="@android:id/background">
        <shape>
            <corners android:radius="5dp"/>
            <solid android:color="#E4E4E4"/>
            <padding
                android:bottom="1dp"
                android:left="1dp"
                android:right="1dp"
                android:top="1dp" />
        </shape>
    </item>

    <item android:id="@android:id/progress">
        <clip>
            <shape>
                <corners android:radius="5dp"/>
                <gradient
                    android:angle="180"
                    android:endColor="@color/grad_ens_color"
                    android:startColor="@color/grad_start_color"
                    />

            </shape>
        </clip>
    </item>

</layer-list>