<vector xmlns:android="http://schemas.android.com/apk/res/android"
    xmlns:aapt="http://schemas.android.com/aapt"
    android:width="140.556dp"
    android:height="70.697dp"
    android:viewportWidth="140.556"
    android:viewportHeight="70.697">
  <path
      android:pathData="M121.187,7.79h-4.923v4.825c0.051,0 0.107,0.007 0.167,0.007h4.756a2.416,2.416 0,1 0,0 -4.832z"
      android:fillColor="#ee4036"/>
  <path
      android:pathData="M118.736,7.79h-5.948v4.825c3.528,0 3.583,0.007 3.643,0.007h2.471c-0.06,0 -0.115,0 -0.167,-0.007z"
      android:fillColor="#072129"/>
  <path
      android:pathData="M44.394,10.61s-3.839,-2.7 -12.8,-4.124l-5.973,7.822s-0.853,4.977 1.849,8.248h15.216z"
      android:fillColor="#072129"/>
  <path
      android:pathData="m31.965,7.78 l-3.927,5.067a41.157,41.157 0,0 1,9.754 -0.127s-1.139,-3.166 -5.827,-4.94z">
    <aapt:attr name="android:fillColor">
      <gradient 
          android:startY="8.72753"
          android:startX="27.45276"
          android:endY="12.750727"
          android:endX="34.387856"
          android:type="linear">
        <item android:offset="0" android:color="#FF4D535A"/>
        <item android:offset="0.211" android:color="#FF454D55"/>
        <item android:offset="0.519" android:color="#FF324047"/>
        <item android:offset="0.885" android:color="#FF122931"/>
        <item android:offset="1" android:color="#FF072129"/>
      </gradient>
    </aapt:attr>
  </path>
  <path
      android:pathData="M43.635,12.45s-11.559,17.434 1.516,37.71l-0.911,8.943 18.155,-2.5h24.445l-3.98,-21.982 17.055,-14.4 -35.247,-5.306z"
      android:fillColor="#072129"/>
  <path
      android:pathData="M64.085,25.884m-3.675,0a3.675,3.675 0,1 1,7.35 0a3.675,3.675 0,1 1,-7.35 0">
  </path>
  <path
      android:pathData="M73.395,27.397m-3.675,0a3.675,3.675 0,1 1,7.35 0a3.675,3.675 0,1 1,-7.35 0">
  </path>
  <path
      android:pathData="M6.91,50.082h7.171v0.833L6.91,50.915z"
      android:fillColor="#fff100"/>
  <path
      android:pathData="M13.01,61.483l3.586,-6.21l0.721,0.417L13.731,61.9z"
      android:fillColor="#fff100"/>
  <path
      android:pathData="M22.349,55.691l0.721,-0.417l3.586,6.21L25.934,61.901z"
      android:fillColor="#fff100"/>
  <path
      android:pathData="M25.587,50.085h7.171v0.833L25.587,50.918z"
      android:fillColor="#fff100"/>
  <path
      android:pathData="M22.351,45.31l3.586,-6.21l0.721,0.417L23.072,45.726z"
      android:fillColor="#fff100"/>
  <path
      android:pathData="M13.013,39.514l0.721,-0.417l3.586,6.21L16.598,45.724z"
      android:fillColor="#fff100"/>
  <path
      android:pathData="M20.1,50.599m-6.797,0a6.797,6.797 0,1 1,13.594 0a6.797,6.797 0,1 1,-13.594 0"
      android:fillColor="#457e3a"/>
  <path
      android:pathData="M20.099,50.598m-5.437,0a5.437,5.437 0,1 1,10.874 0a5.437,5.437 0,1 1,-10.874 0"
      android:fillColor="#2bb780"/>
  <path
      android:pathData="M20.099,30.499a20.1,20.1 0,1 0,20.1 20.1,20.1 20.1,0 0,0 -20.1,-20.1zM20.099,63.913a13.315,13.315 0,1 1,13.315 -13.315,13.315 13.315,0 0,1 -13.315,13.315z"
      android:fillColor="#072129"/>
  <path
      android:pathData="M20.099,37.062a13.537,13.537 0,1 0,13.537 13.536,13.537 13.537,0 0,0 -13.537,-13.536zM20.099,63.262a12.66,12.66 0,1 1,12.66 -12.66,12.66 12.66,0 0,1 -12.66,12.657z"
      android:fillColor="#fff100"/>
  <path
      android:pathData="M107.268,50.082h7.171v0.833L107.268,50.915z"
      android:fillColor="#fff100"/>
  <path
      android:pathData="M113.368,61.483l3.586,-6.21l0.721,0.417L114.089,61.9z"
      android:fillColor="#fff100"/>
  <path
      android:pathData="M122.707,55.691l0.721,-0.417l3.586,6.21L126.292,61.901z"
      android:fillColor="#fff100"/>
  <path
      android:pathData="M125.945,50.085h7.171v0.833L125.945,50.918z"
      android:fillColor="#fff100"/>
  <path
      android:pathData="M122.709,45.31l3.586,-6.21l0.721,0.417L123.43,45.726z"
      android:fillColor="#fff100"/>
  <path
      android:pathData="M113.371,39.514l0.721,-0.417l3.586,6.21L116.956,45.724z"
      android:fillColor="#fff100"/>
  <path
      android:pathData="M120.457,50.599m-6.797,0a6.797,6.797 0,1 1,13.594 0a6.797,6.797 0,1 1,-13.594 0"
      android:fillColor="#457e3a"/>
  <path
      android:pathData="M120.456,45.161A5.437,5.437 0,1 1,115.019 50.598,5.437 5.437,0 0,1 120.456,45.161z"
      android:fillColor="#2bb780"/>
  <path
      android:pathData="M120.457,30.499a20.1,20.1 0,1 0,20.1 20.1,20.1 20.1,0 0,0 -20.1,-20.1zM120.457,63.913a13.315,13.315 0,1 1,13.315 -13.315,13.315 13.315,0 0,1 -13.315,13.315z"
      android:fillColor="#072129"/>
  <path
      android:pathData="M120.456,37.062a13.537,13.537 0,1 0,13.537 13.536,13.537 13.537,0 0,0 -13.537,-13.536zM120.456,63.262a12.66,12.66 0,1 1,12.66 -12.66,12.66 12.66,0 0,1 -12.66,12.657z"
      android:fillColor="#fff100"/>
  <path
      android:pathData="M96.732,20.724l1.038,-1.303l13.522,10.771L110.254,31.496z"
      android:fillColor="#2f373e"/>
  <path
      android:pathData="m110.579,30.85 l-13.4,-10.682 -0.443,0.556 13.518,10.776 1.038,-1.3 -0.118,-0.094z"
      android:fillColor="#1f2a31"/>
  <path
      android:pathData="M93.84,23.615l1.038,-1.303l13.522,10.771L107.362,34.387z"
      android:fillColor="#2f373e"/>
  <path
      android:pathData="m107.683,33.741 l-13.4,-10.681 -0.443,0.555 13.518,10.776 1.038,-1.3 -0.118,-0.094z"
      android:fillColor="#1f2a31"/>
  <path
      android:pathData="M83.631,57.531c-0.325,0 -0.66,-0.014 -1.008,-0.043l0.415,-4.979c3.193,0.264 3.874,-1.813 4.007,-2.457l0.053,-0.31 0.121,-0.248 4.443,-9.966c0.846,-2.477 0.847,-4.473 0,-5.932 -1.292,-2.232 -4.273,-2.813 -4.3,-2.819l0.868,-4.921c0.213,0.037 5.236,0.95 7.726,5.178 1.651,2.8 1.783,6.248 0.393,10.234l-0.077,0.194 -4.376,9.817a8.121,8.121 0,0 1,-8.265 6.252z"
      android:fillColor="#072129"/>
  <path
      android:pathData="M36.195,35.647a21.976,21.976 0,0 0,-27.382 -3.9,8.314 8.314,0 0,0 8.16,1.652s10.093,-2.753 15.782,3c0,0 1.452,1.605 3.44,-0.754z"
      android:fillColor="#408d73"/>
  <path
      android:pathData="M34.023,35.755a0.688,0.688 0,0 1,-0.4 -0.146c-2.629,-2.659 -6.458,-4.044 -11.109,-4.044a24.458,24.458 0,0 0,-5.859 0.7,8.168 8.168,0 0,1 -2.385,0.374 7.128,7.128 0,0 1,-3.208 -0.766,20.8 20.8,0 0,1 23.424,3.729 0.964,0.964 0,0 1,-0.468 0.152z"
      android:fillColor="#2bb780"/>
  <path
      android:pathData="M26.48,14.389s-0.55,5.265 1.65,7.543a14.639,14.639 0,0 0,5.029 -7.936,15.745 15.745,0 0,0 -6.679,0.393z">
    <aapt:attr name="android:fillColor">
      <gradient 
          android:startY="13.340471"
          android:startX="31.265003"
          android:endY="19.347084"
          android:endX="25.958916"
          android:type="linear">
        <item android:offset="0" android:color="#FF002D00"/>
        <item android:offset="1" android:color="#FF2B5D27"/>
      </gradient>
    </aapt:attr>
  </path>
  <path
      android:pathData="M26.917,14.617s-0.286,4.287 1.358,6.359c0,0.005 3.72,-3.639 -1.358,-6.359z"
      android:fillColor="#fff100"/>
  <path
      android:pathData="m77.313,37.041 l-32.864,-20.484 0.881,-1.414 31.81,19.827 15.776,-13.943 1.1,1.247z"
      android:fillColor="#2f373e"/>
  <path
      android:pathData="m77.313,36.094 l-32.439,-20.22 -0.425,0.682 32.864,20.484 16.706,-14.767 -0.47,-0.532z"
      android:fillColor="#1f2a31"/>
  <path
      android:pathData="m67.575,37.816 l-32.1,-17.733a0.833,0.833 0,1 1,0.805 -1.457l31.029,17.142 13.021,-12.382a0.833,0.833 0,1 1,1.148 1.207z"
      android:fillColor="#2f373e"/>
  <path
      android:pathData="M81.486,23.753 L67.575,36.974l-32.1,-17.733a0.829,0.829 0,0 1,-0.316 -0.308c0,0.007 -0.007,0.012 -0.011,0.019a0.832,0.832 0,0 0,0.327 1.131l32.1,17.733 13.906,-13.223a0.834,0.834 0,0 0,0.145 -1.025,0.836 0.836,0 0,1 -0.14,0.185z"
      android:fillColor="#1f2a31"/>
  <path
      android:pathData="M32.776,22.716l1.516,0.726l-13.471,28.111L19.305,50.827z"
      android:fillColor="#072129"/>
  <path
      android:pathData="M20.1,50.599m-1.745,0a1.745,1.745 0,1 1,3.49 0a1.745,1.745 0,1 1,-3.49 0"
      android:fillColor="#072129"/>
  <path
      android:pathData="M39.155,7.735l2.945,1.411l-13.471,28.111L25.684,35.846z"
      android:fillColor="#b7bbbf"/>
  <path
      android:pathData="M38.944,6.461l4.139,1.984l-2.038,4.254L36.905,10.715z"
      android:fillColor="#072129"/>
  <path
      android:pathData="M32.828,23.662l5.099,-10.895a0.525,0.525 70.08,0 1,0.698 -0.253,0.525 0.525,70.08 0,1 0.253,0.698L33.779,24.107A0.525,0.525 70.08,0 1,33.081 24.36,0.525 0.525,70.08 0,1 32.828,23.662z">
    <aapt:attr name="android:fillColor">
      <gradient 
          android:startY="-12.978577"
          android:startX="36.421646"
          android:endY="83.951"
          android:endX="34.672436"
          android:type="linear">
        <item android:offset="0" android:color="#FFB7BBBF"/>
        <item android:offset="0.319" android:color="#FFBEC1C4"/>
        <item android:offset="0.784" android:color="#FFD1D2D5"/>
        <item android:offset="1" android:color="#FFDDDDDF"/>
      </gradient>
    </aapt:attr>
  </path>
  <path
      android:pathData="M30.306,24.37l4.139,1.984l-2.038,4.254L28.268,28.624z"
      android:fillColor="#072129"/>
  <path
      android:pathData="M103.091,5.235s7.061,-7.21 23.8,-4.708l-1.985,3.279 -17.087,13.463 -19.072,8.285h-8.544l-6.127,-6.128 4.4,-3.969s16.518,1.832 24.615,-10.222z"
      android:fillColor="#408d73"/>
  <path
      android:pathData="m124.909,1.924 l-17.087,13.463 -19.072,8.285h-8.544l-5.137,-5.137 -0.99,0.893 6.127,6.127h8.544l19.072,-8.285 17.087,-13.463 1.985,-3.279q-0.532,-0.079 -1.051,-0.146z"
      android:fillColor="#2b5d27"/>
  <path
      android:pathData="M80.791,13.519s11.15,0.637 16.672,-3.611l5.628,-4.673s-3.5,9.77 -8.814,12L83.55,17.235s-4.035,0 -4.779,-1.275z"
      android:fillColor="#072129"/>
  <path
      android:pathData="M80.587,53.96L46.952,53.96l-0.864,-0.923c-5.936,-6.342 -8.383,-15.161 -7.074,-25.5a50.438,50.438 0,0 1,3.7 -13.569,2.915 2.915,0 0,1 5.291,2.449 45.36,45.36 0,0 0,-3.229 12c-0.994,8.105 0.6,14.73 4.75,19.712h31.062a2.915,2.915 0,0 1,0 5.83z"
      android:fillColor="#2f373e"/>
  <path
      android:pathData="M81.524,52.46h-33.639l-0.864,-0.923c-5.937,-6.342 -8.382,-15.161 -7.074,-25.5a51.562,51.562 0,0 1,3.458 -13.008,2.9 2.9,0 0,0 -0.691,0.938 50.443,50.443 0,0 0,-3.7 13.569c-1.309,10.341 1.137,19.16 7.074,25.5l0.864,0.923h33.639a2.916,2.916 0,0 0,2.825 -2.193,2.9 2.9,0 0,1 -1.892,0.694z"
      android:fillColor="#1f2a31"/>
  <path
      android:pathData="M79.565,49.718h-30.3l-0.778,-0.831c-5.348,-5.713 -7.552,-13.658 -6.373,-22.974a46.461,46.461 0,0 1,3.115 -11.718,2.624 2.624,0 0,0 -0.623,0.845 45.445,45.445 0,0 0,-3.336 12.224c-1.179,9.315 1.025,17.26 6.372,22.973l0.778,0.832h30.3a2.627,2.627 0,0 0,2.545 -1.975,2.617 2.617,0 0,1 -1.7,0.624z"
      android:fillColor="#1f2a31"/>
  <path
      android:pathData="M43.025,12.669c0.126,-2.447 2.432,-4.74 4.211,-6.116 5.773,-4.466 14.644,-6.868 21.874,-5.523a15.033,15.033 0,0 1,7.348 3.535,15.612 15.612,0 0,1 2.989,3.718c0.517,0.882 2.66,4.448 2.192,5.418a15.043,15.043 0,0 1,-14.443 7.664s-24.612,-0.153 -24.171,-8.696z"
      android:fillColor="#282828"/>
  <path
      android:pathData="M69.664,11.83c-3.74,-1.354 -7.51,-2.053 -11.361,-0.561a10.329,10.329 0,0 1,-3.62 1.09,5.469 5.469,0 0,1 -3.285,-1.431 4.187,4.187 0,0 1,-1.653 -2.7c-0.353,-3 3.956,-4.142 6.121,-4.867a28.632,28.632 0,0 1,9.039 -1.526,21.844 21.844,0 0,1 3.99,0.353 13.847,13.847 0,0 1,6.773 3.251,14.411 14.411,0 0,1 2.761,3.438l0.073,0.124c0.962,1.634 2.431,3.507 0.321,4.948 -1.845,1.26 -3.678,0.17 -5.513,-0.591 -1.208,-0.5 -2.408,-1.08 -3.646,-1.528z"
      android:fillColor="#2bb780"/>
  <path
      android:pathData="M71.849,16.409s-24.612,-0.148 -24.17,-8.7a5.041,5.041 0,0 1,0.483 -1.842q-0.475,0.332 -0.926,0.68c-1.779,1.376 -4.084,3.669 -4.211,6.116 -0.442,8.548 24.17,8.7 24.17,8.7a15.081,15.081 0,0 0,14.327 -7.443,15.423 15.423,0 0,1 -9.673,2.489z"
      android:fillColor="#408d73"/>
  <path
      android:pathData="M41.874,5.12s-2.473,0.1 -3.432,3.533h4.442z"
      android:fillColor="#072129"/>
  <path
      android:pathData="M43.434,6.072m-2.419,0a2.419,2.419 0,1 1,4.838 0a2.419,2.419 0,1 1,-4.838 0"
      android:fillColor="#2f373e"/>
  <path
      android:pathData="M49.586,10.236a1.279,1.279 0,0 1,-0.565 -0.133l-5.825,-2.884a1.275,1.275 0,0 1,1.131 -2.286l5.822,2.883a1.275,1.275 0,0 1,-0.566 2.418z"
      android:fillColor="#072129"/>
  <path
      android:pathData="M72.581,41.537m-5.363,0a5.363,5.363 0,1 1,10.726 0a5.363,5.363 0,1 1,-10.726 0">
  </path>
  <path
      android:pathData="M54.473,35L58.07,35A6.08,6.08 0,0 1,64.15 41.079L64.15,41.079A6.08,6.08 0,0 1,58.07 47.159L54.473,47.159A6.08,6.08 0,0 1,48.393 41.079L48.393,41.079A6.08,6.08 0,0 1,54.473 35z">
  </path>
  <path
      android:pathData="M85.521,52.906a5.911,5.911 0,0 0,0.638 0.034,7.016 7.016,0 0,0 4.3,-1.593l11.4,-10.2a3.329,3.329 0,0 0,3.26 -0.474l20.652,-16.078a3.331,3.331 0,1 0,-4.093 -5.257l-20.651,16.077a3.331,3.331 0,0 0,-1.249 3.123l-11.511,10.3a3.654,3.654 0,0 1,-2.385 0.752,3.87 3.87,0 0,1 -2.549,-1.741 1.666,1.666 0,0 0,-2.656 2.012,7.027 7.027,0 0,0 4.844,3.045z"
      android:fillColor="#b7bbbf"/>
  <path
      android:pathData="M130.645,27.962a3.333,3.333 0,0 0,-4.675 -0.582l-20.652,16.078a3.329,3.329 0,0 0,-1.258 3.054l-10.833,8.635c-2.026,1.632 -3.97,2.3 -5.788,1.973 -3.083,-0.549 -5.034,-3.742 -5.06,-3.785a1.666,1.666 0,0 0,-2.867 1.7c0.109,0.185 2.717,4.527 7.312,5.362a8.616,8.616 0,0 0,1.546 0.141,11.094 11.094,0 0,0 6.941,-2.788l10.771,-8.585a3.332,3.332 0,0 0,3.33 -0.445l20.651,-16.078a3.332,3.332 0,0 0,0.582 -4.68z"
      android:fillColor="#b7bbbf"/>
  <path
      android:pathData="M126.348,19.924a3.285,3.285 0,0 0,-0.178 -0.21,3.332 3.332,0 0,1 -1.144,3.592l-20.651,16.078a3.331,3.331 0,0 1,-3.26 0.474l-11.4,10.2a7.015,7.015 0,0 1,-4.3 1.593,5.867 5.867,0 0,1 -0.637,-0.034 6.756,6.756 0,0 1,-4.432 -2.525,1.66 1.66,0 0,0 0.322,0.777 7.026,7.026 0,0 0,4.849 3.042,5.809 5.809,0 0,0 0.638,0.034 7.015,7.015 0,0 0,4.3 -1.593l11.4,-10.2a3.357,3.357 0,0 0,1.216 0.229,3.316 3.316,0 0,0 2.044,-0.7l20.651,-16.078a3.332,3.332 0,0 0,0.582 -4.679z"
      android:fillColor="#9ca2a8"/>
  <path
      android:pathData="M130.644,27.962a3.586,3.586 0,0 0,-0.178 -0.21,3.333 3.333,0 0,1 -1.144,3.591l-20.652,16.078a3.331,3.331 0,0 1,-3.329 0.446l-10.771,8.586a11.1,11.1 0,0 1,-6.941 2.788,8.634 8.634,0 0,1 -1.546,-0.141 11.456,11.456 0,0 1,-6.765 -4.557,1.66 1.66,0 0,0 0.192,0.489c0.109,0.185 2.716,4.527 7.312,5.362a8.6,8.6 0,0 0,1.546 0.141,11.1 11.1,0 0,0 6.941,-2.788l10.771,-8.585a3.331,3.331 0,0 0,3.329 -0.446l20.652,-16.078a3.332,3.332 0,0 0,0.583 -4.676z"
      android:fillColor="#9ca2a8"/>
  <path
      android:pathData="M124.198,21.047a0.735,0.735 0,0 0,-1.026 -0.148l-18.964,14.191a0.733,0.733 0,0 0,0.878 1.174l18.964,-14.19a0.736,0.736 0,0 0,0.148 -1.027z">
  </path>
  <path
      android:pathData="M128.033,29.167a0.735,0.735 0,0 0,-1.026 -0.148l-18.964,14.19a0.733,0.733 0,1 0,0.878 1.174l18.964,-14.19a0.735,0.735 0,0 0,0.148 -1.026z">
  </path>
  <path
      android:pathData="M127.673,30.249c0.776,1.182 1.988,1.814 2.709,1.409s0.675,-1.691 -0.1,-2.873 -1.989,-1.812 -2.71,-1.408 -0.674,1.69 0.101,2.872z"
      android:fillColor="#072129"/>
  <path
      android:pathData="M123.192,22.179c0.775,1.182 1.988,1.814 2.709,1.408s0.675,-1.691 -0.1,-2.873 -1.988,-1.812 -2.71,-1.408 -0.679,1.691 0.101,2.873z"
      android:fillColor="#072129"/>
  <path
      android:pathData="M74.859,52.082L85.125,44.255A1.11,1.11 97.678,0 1,86.681 44.465L86.681,44.465A1.11,1.11 97.678,0 1,86.472 46.021L76.205,53.848A1.11,1.11 97.678,0 1,74.649 53.639L74.649,53.638A1.11,1.11 97.678,0 1,74.859 52.082z"
      android:fillColor="#072129"/>
  <path
      android:pathData="m121.412,3.234 l-32.686,20.413h-8.567l8.567,-1.5z"
      android:fillColor="#fff100"/>
  <path
      android:pathData="M120.887,1.483s-9.252,-0.661 -16.258,4.229c0,0 -1.322,6.344 -3.172,7.8z"
      android:fillColor="#2bb780"/>
  <path
      android:pathData="M52.44,14.192c-1.87,0 -6.671,0.106 -6.671,1.251 0,1.189 5.027,1.466 6.671,1.525z">
  </path>
  <path
      android:pathData="M65.825,39.846a0.736,0.736 0,0 0,-0.734 -0.734h-17.194a0.734,0.734 0,1 0,0 1.469h17.194a0.737,0.737 0,0 0,0.734 -0.735z">
  </path>
  <path
      android:pathData="M68.52,42.538a0.736,0.736 0,0 0,-0.734 -0.734h-17.194a0.736,0.736 0,0 0,-0.734 0.734,0.736 0.736,0 0,0 0.734,0.734h17.194a0.736,0.736 0,0 0,0.734 -0.734z">
  </path>
  <path
      android:pathData="M70.479,44.501L53.287,44.501a0.734,0.734 0,1 0,0 1.469h17.194a0.734,0.734 0,0 0,0 -1.469z">
  </path>
</vector>
