<vector xmlns:android="http://schemas.android.com/apk/res/android"
    xmlns:aapt="http://schemas.android.com/aapt"
    android:width="360dp"
    android:height="640dp"
    android:viewportWidth="360"
    android:viewportHeight="640">
  <path
      android:pathData="M0,0h360v640h-360z">
    <aapt:attr name="android:fillColor">
      <gradient 
          android:startY="309.76"
          android:startX="191.88"
          android:endY="-325.76"
          android:endX="180"
          android:type="linear">
        <item android:offset="0" android:color="#FFFFFFFF"/>
        <item android:offset="0.584" android:color="#FFB1E5D0"/>
        <item android:offset="1" android:color="#FF2BB780"/>
      </gradient>
    </aapt:attr>
  </path>
  <group>
    <clip-path
        android:pathData="M80.535,78.481h270.93v197.474h-270.93z"/>
    <group>
      <clip-path
          android:pathData="M245.746,182.858a5.068,5.068 0,1 1,5.961 5.961,5.324 5.324,0 0,1 -0.992,0.094 5.068,5.068 0,0 1,-4.969 -6.055m4.228,-13.322a1.318,1.318 0,0 0,-1.319 1.318v2.439a1.3,1.3 0,0 1,-0.9 1.245,9.687 9.687,0 0,0 -1.519,0.631 1.3,1.3 0,0 1,-1.524 -0.24l-1.727,-1.727a1.318,1.318 0,0 0,-1.864 0l-1.05,1.05a1.318,1.318 0,0 0,0 1.864l1.726,1.727a1.305,1.305 0,0 1,0.24 1.524,9.685 9.685,0 0,0 -0.632,1.519 1.3,1.3 0,0 1,-1.245 0.9h-2.438a1.318,1.318 0,0 0,-1.319 1.318L236.403,184.586a1.318,1.318 0,0 0,1.319 1.319L240.159,185.905a1.3,1.3 0,0 1,1.245 0.9,9.678 9.678,0 0,0 0.632,1.519 1.305,1.305 0,0 1,-0.24 1.524l-1.726,1.727a1.318,1.318 0,0 0,0 1.864l1.05,1.049a1.318,1.318 0,0 0,1.864 0l1.727,-1.726a1.305,1.305 0,0 1,1.524 -0.24,9.681 9.681,0 0,0 1.519,0.632 1.3,1.3 0,0 1,0.9 1.245v2.438a1.318,1.318 0,0 0,1.319 1.318L251.459,198.155a1.318,1.318 0,0 0,1.318 -1.318v-2.438a1.3,1.3 0,0 1,0.9 -1.245,9.709 9.709,0 0,0 1.519,-0.632 1.305,1.305 0,0 1,1.524 0.24l1.726,1.726a1.318,1.318 0,0 0,1.864 0l1.049,-1.049a1.318,1.318 0,0 0,0 -1.864l-1.727,-1.727a1.3,1.3 0,0 1,-0.239 -1.524,9.765 9.765,0 0,0 0.632,-1.519 1.3,1.3 0,0 1,1.245 -0.9h2.439a1.318,1.318 0,0 0,1.318 -1.319v-1.484a1.318,1.318 0,0 0,-1.318 -1.318h-2.439a1.3,1.3 0,0 1,-1.245 -0.9,9.772 9.772,0 0,0 -0.632,-1.519 1.3,1.3 0,0 1,0.239 -1.524l1.727,-1.727a1.318,1.318 0,0 0,0 -1.864l-1.049,-1.05a1.319,1.319 0,0 0,-1.864 0l-1.726,1.727a1.3,1.3 0,0 1,-1.524 0.24,9.684 9.684,0 0,0 -1.519,-0.631 1.3,1.3 0,0 1,-0.9 -1.245v-2.439a1.318,1.318 0,0 0,-1.318 -1.318Z"/>
      <path
          android:pathData="M236.402,169.536h28.626v28.626h-28.626z">
        <aapt:attr name="android:fillColor">
          <gradient 
              android:startY="264.9464"
              android:startX="81.53528"
              android:endY="264.9464"
              android:endX="81.76429"
              android:type="linear">
            <item android:offset="0" android:color="#FF4BDFF3"/>
            <item android:offset="1" android:color="#FF2BB780"/>
          </gradient>
        </aapt:attr>
      </path>
    </group>
    <group>
      <clip-path
          android:pathData="M80.535,78.481h270.93v197.474h-270.93z"/>
      <path
          android:pathData="M263.147,207.512l-26.283,-6.094 19.737,20.848 2.241,-6.979 5,-1.344 -19.325,-9.407 17.247,6.335 1.542,-1.019 2.6,-1.716Z"
          android:fillColor="#fff"/>
      <path
          android:pathData="M271.512,217.7l-0.494,0.884q-0.734,-0.415 -1.479,-0.809l0.478,-0.893q0.752,0.4 1.495,0.818"
          android:fillColor="#fff"/>
      <path
          android:pathData="M267.303,215.48l1.519,0.771 -0.465,0.9 -1.5,-0.763Z"
          android:fillColor="#fff"/>
      <path
          android:pathData="M264.546,214.174l1.548,0.719 -0.436,0.914 -1.527,-0.71Z"
          android:fillColor="#fff"/>
      <path
          android:pathData="M277.307,222.463l0.574,-0.834 1.4,0.988 -0.6,0.819Z"
          android:fillColor="#fff"/>
      <path
          android:pathData="M275.318,219.952c0.478,0.309 0.965,0.6 1.436,0.923l-0.558,0.845c-0.464,-0.316 -0.945,-0.606 -1.416,-0.911Z"
          android:fillColor="#fff"/>
      <path
          android:pathData="M274.174,219.248l-0.524,0.866c-0.478,-0.295 -0.963,-0.578 -1.45,-0.858l0.507,-0.876c0.492,0.284 0.983,0.57 1.467,0.869"
          android:fillColor="#fff"/>
      <path
          android:pathData="M285.01,227.491c0.391,0.424 0.8,0.83 1.175,1.268l-0.763,0.666c-0.362,-0.422 -0.759,-0.816 -1.136,-1.226Z"
          android:fillColor="#fff"/>
      <path
          android:pathData="M284.031,226.536l-0.7,0.735c-0.4,-0.394 -0.822,-0.757 -1.243,-1.126l0.664,-0.764c0.431,0.378 0.867,0.749 1.275,1.154"
          android:fillColor="#fff"/>
      <path
          android:pathData="M279.764,224.25l0.615,-0.8c0.46,0.337 0.9,0.706 1.344,1.064l-0.642,0.783c-0.437,-0.35 -0.865,-0.712 -1.317,-1.043"
          android:fillColor="#fff"/>
      <path
          android:pathData="M289.103,235.631l0.971,-0.287c0.157,0.573 0.277,1.165 0.376,1.753l-1,0.13c-0.092,-0.534 -0.2,-1.072 -0.343,-1.6"
          android:fillColor="#fff"/>
      <path
          android:pathData="M287.937,232.922l0.883,-0.494c0.292,0.508 0.522,1.056 0.783,1.582l-0.934,0.391c-0.247,-0.492 -0.458,-1 -0.733,-1.479"
          android:fillColor="#fff"/>
      <path
          android:pathData="M286.285,230.458l0.8,-0.625 1.025,1.411 -0.844,0.56Z"
          android:fillColor="#fff"/>
      <path
          android:pathData="M288.505,244.571c-0.352,0.472 -0.727,0.926 -1.091,1.388l-0.764,-0.664c0.339,-0.433 0.691,-0.859 1.021,-1.3Z"
          android:fillColor="#fff"/>
      <path
          android:pathData="M289.011,241.389l0.956,0.333 -0.346,0.83a4.767,4.767 0,0 1,-0.386 0.807l-0.892,-0.48a4.106,4.106 0,0 0,0.352 -0.737Z"
          android:fillColor="#fff"/>
      <path
          android:pathData="M289.458,239.348l0.07,-0.81 1.012,0.013 -0.076,0.9a4.248,4.248 0,0 1,-0.129 0.894l-0.993,-0.2a3.579,3.579 0,0 0,0.116 -0.8"
          android:fillColor="#fff"/>
      <path
          android:pathData="M281.486,250.714c-0.5,0.288 -0.985,0.6 -1.5,0.843l-0.471,-0.9c0.507,-0.238 0.977,-0.54 1.46,-0.818Z"
          android:fillColor="#fff"/>
      <path
          android:pathData="M284.082,249.015l-1.426,0.986 -0.553,-0.848 1.373,-0.95Z"
          android:fillColor="#fff"/>
      <path
          android:pathData="M285.724,246.259l0.713,0.719 -0.619,0.619 -0.671,0.555 -0.651,-0.775 0.642,-0.53Z"
          android:fillColor="#fff"/>
      <path
          android:pathData="M273.051,254.472l-1.624,0.536 -0.3,-0.967 1.6,-0.527Z"
          android:fillColor="#fff"/>
      <path
          android:pathData="M275.934,253.418l-1.6,0.609 -0.347,-0.951 1.571,-0.6Z"
          android:fillColor="#fff"/>
      <path
          android:pathData="M278.743,252.182c-0.509,0.267 -1.044,0.469 -1.565,0.707l-0.4,-0.929c0.509,-0.232 1.035,-0.43 1.529,-0.691Z"
          android:fillColor="#fff"/>
      <path
          android:pathData="M263.972,255.886l0.211,0.99 -1.669,0.336 -0.2,-0.994Z"
          android:fillColor="#fff"/>
      <path
          android:pathData="M267.161,256.186c-0.549,0.148 -1.1,0.267 -1.659,0.392l-0.226,-0.987c0.548,-0.124 1.1,-0.242 1.64,-0.388Z"
          android:fillColor="#fff"/>
      <path
          android:pathData="M270.106,255.394c-0.546,0.16 -1.091,0.324 -1.644,0.458l-0.26,-0.979c0.546,-0.132 1.084,-0.294 1.622,-0.452Z"
          android:fillColor="#fff"/>
      <path
          android:pathData="M255.014,257.416l0.135,1 -1.685,0.222 -0.123,-1Z"
          android:fillColor="#fff"/>
      <path
          android:pathData="M258.009,256.98l0.158,1 -1.682,0.255 -0.145,-1Z"
          android:fillColor="#fff"/>
      <path
          android:pathData="M260.984,256.477l0.183,1 -1.677,0.291 -0.168,-1Z"
          android:fillColor="#fff"/>
      <path
          android:pathData="M245.968,258.367l0.078,1.01 -1.694,0.12 -0.069,-1.01Z"
          android:fillColor="#fff"/>
      <path
          android:pathData="M248.986,258.104l0.1,1.008 -1.692,0.152 -0.086,-1.009Z"
          android:fillColor="#fff"/>
      <path
          android:pathData="M251.988,257.791l0.114,1.006 -1.689,0.185 -0.1,-1.007Z"
          android:fillColor="#fff"/>
      <path
          android:pathData="M236.881,258.852l0.031,1.012 -1.7,0.045 -0.023,-1.012Z"
          android:fillColor="#fff"/>
      <path
          android:pathData="M239.91,258.736l0.046,1.011 -1.7,0.071 -0.038,-1.012Z"
          android:fillColor="#fff"/>
      <path
          android:pathData="M242.922,258.576l0.062,1.011 -1.695,0.1 -0.053,-1.011Z"
          android:fillColor="#fff"/>
      <path
          android:pathData="M226.095,258.897l1.687,0.036 -0.016,1.012 -1.7,-0.036Z"
          android:fillColor="#fff"/>
      <path
          android:pathData="M230.812,258.953l0,1.012 -1.7,-0.005 0.008,-1.012Z"
          android:fillColor="#fff"/>
      <path
          android:pathData="M233.831,258.926l0.017,1.012 -1.7,0.021 -0.008,-1.012Z"
          android:fillColor="#fff"/>
      <group>
        <clip-path
            android:pathData="M220.496,102.372h48.309v42.211h-48.309z"/>
        <group>
          <clip-path
              android:pathData="M224.292,107.122h44.513v37.461h-44.513z"/>
          <path
              android:pathData="M265.339,144.583L227.758,144.583a3.466,3.466 0,0 1,-3.466 -3.466L224.292,110.588a3.466,3.466 0,0 1,3.466 -3.466h37.581a3.466,3.466 0,0 1,3.466 3.466v30.528a3.466,3.466 0,0 1,-3.466 3.466"
              android:strokeAlpha="0.3"
              android:fillColor="#fff"
              android:fillAlpha="0.3"/>
        </group>
        <group>
          <clip-path
              android:pathData="M224.111,106.896h44.513v37.461h-44.513z"/>
          <group>
            <clip-path
                android:pathData="M265.158,144.357L227.577,144.357a3.466,3.466 0,0 1,-3.466 -3.466L224.111,110.362a3.466,3.466 0,0 1,3.466 -3.466h37.581a3.466,3.466 0,0 1,3.466 3.466v30.528a3.466,3.466 0,0 1,-3.466 3.466"/>
            <path
                android:pathData="M224.111,106.896h44.513v37.461h-44.513z"
                android:strokeAlpha="0.3"
                android:fillAlpha="0.3">
              <aapt:attr name="android:fillColor">
                <gradient 
                    android:startY="275.95746"
                    android:startX="80.556564"
                    android:endY="275.95746"
                    android:endX="80.77913"
                    android:type="linear">
                  <item android:offset="0" android:color="#FFF6FDFE"/>
                  <item android:offset="1" android:color="#FFFAF8FF"/>
                </gradient>
              </aapt:attr>
            </path>
          </group>
        </group>
        <group>
          <clip-path
              android:pathData="M223.931,106.67h44.513v37.461h-44.513z"/>
          <group>
            <clip-path
                android:pathData="M264.978,144.131L227.397,144.131a3.466,3.466 0,0 1,-3.466 -3.466L223.931,110.136a3.466,3.466 0,0 1,3.466 -3.466h37.581a3.466,3.466 0,0 1,3.466 3.466L268.444,140.663a3.466,3.466 0,0 1,-3.466 3.466"/>
            <path
                android:pathData="M223.931,106.67h44.513v37.461h-44.513z"
                android:strokeAlpha="0.3"
                android:fillAlpha="0.3">
              <aapt:attr name="android:fillColor">
                <gradient 
                    android:startY="275.95624"
                    android:startX="80.55463"
                    android:endY="275.95624"
                    android:endX="80.77719"
                    android:type="linear">
                  <item android:offset="0" android:color="#FFEEFCFE"/>
                  <item android:offset="1" android:color="#FFF5F1FF"/>
                </gradient>
              </aapt:attr>
            </path>
          </group>
        </group>
        <group>
          <clip-path
              android:pathData="M223.75,106.444h44.513v37.461h-44.513z"/>
          <group>
            <clip-path
                android:pathData="M264.797,143.905L227.216,143.905a3.466,3.466 0,0 1,-3.466 -3.466L223.75,109.91a3.466,3.466 0,0 1,3.466 -3.466L264.797,106.444a3.466,3.466 0,0 1,3.466 3.466L268.263,140.438a3.466,3.466 0,0 1,-3.466 3.466"/>
            <path
                android:pathData="M223.75,106.444h44.513v37.461h-44.513z"
                android:strokeAlpha="0.3"
                android:fillAlpha="0.3">
              <aapt:attr name="android:fillColor">
                <gradient 
                    android:startY="275.95502"
                    android:startX="80.551674"
                    android:endY="275.95502"
                    android:endX="80.77425"
                    android:type="linear">
                  <item android:offset="0" android:color="#FFE5FAFD"/>
                  <item android:offset="1" android:color="#FFF0EBFF"/>
                </gradient>
              </aapt:attr>
            </path>
          </group>
        </group>
        <group>
          <clip-path
              android:pathData="M223.569,106.218h44.513v37.46h-44.513z"/>
          <group>
            <clip-path
                android:pathData="M264.616,143.678L227.035,143.678a3.466,3.466 0,0 1,-3.466 -3.466L223.569,109.684a3.466,3.466 0,0 1,3.466 -3.466h37.581a3.466,3.466 0,0 1,3.466 3.466v30.528a3.466,3.466 0,0 1,-3.466 3.466"/>
            <path
                android:pathData="M223.569,106.218h44.513v37.46h-44.513z"
                android:strokeAlpha="0.3"
                android:fillAlpha="0.3">
              <aapt:attr name="android:fillColor">
                <gradient 
                    android:startY="275.94928"
                    android:startX="80.54873"
                    android:endY="275.94928"
                    android:endX="80.77129"
                    android:type="linear">
                  <item android:offset="0" android:color="#FFDDF9FD"/>
                  <item android:offset="1" android:color="#FFEBE4FF"/>
                </gradient>
              </aapt:attr>
            </path>
          </group>
        </group>
        <group>
          <clip-path
              android:pathData="M223.388,105.991h44.513v37.46h-44.513z"/>
          <group>
            <clip-path
                android:pathData="M264.435,143.451L226.854,143.451a3.466,3.466 0,0 1,-3.466 -3.466L223.388,109.457a3.466,3.466 0,0 1,3.466 -3.466h37.581A3.466,3.466 0,0 1,267.901 109.457v30.528a3.466,3.466 0,0 1,-3.466 3.466"/>
            <path
                android:pathData="M223.388,105.991h44.513v37.46h-44.513z"
                android:strokeAlpha="0.3"
                android:fillAlpha="0.3">
              <aapt:attr name="android:fillColor">
                <gradient 
                    android:startY="275.947"
                    android:startX="80.545784"
                    android:endY="275.947"
                    android:endX="80.76835"
                    android:type="linear">
                  <item android:offset="0" android:color="#FFD4F7FC"/>
                  <item android:offset="1" android:color="#FFE6DDFF"/>
                </gradient>
              </aapt:attr>
            </path>
          </group>
        </group>
        <group>
          <clip-path
              android:pathData="M223.208,105.765h44.513v37.46h-44.513z"/>
          <group>
            <clip-path
                android:pathData="M264.255,143.222L226.674,143.222a3.466,3.466 0,0 1,-3.466 -3.466L223.208,109.231a3.466,3.466 0,0 1,3.466 -3.466h37.581a3.466,3.466 0,0 1,3.466 3.466v30.528A3.466,3.466 0,0 1,264.255 143.222"/>
            <path
                android:pathData="M223.208,105.765h44.513v37.46h-44.513z"
                android:strokeAlpha="0.3"
                android:fillAlpha="0.3">
              <aapt:attr name="android:fillColor">
                <gradient 
                    android:startY="275.9458"
                    android:startX="80.54378"
                    android:endY="275.9458"
                    android:endX="80.76634"
                    android:type="linear">
                  <item android:offset="0" android:color="#FFCCF6FC"/>
                  <item android:offset="1" android:color="#FFE1D6FE"/>
                </gradient>
              </aapt:attr>
            </path>
          </group>
        </group>
        <group>
          <clip-path
              android:pathData="M223.027,105.539h44.513v37.46h-44.513z"/>
          <group>
            <clip-path
                android:pathData="M264.074,142.999L226.493,142.999a3.466,3.466 0,0 1,-3.466 -3.466L223.027,109.005a3.466,3.466 0,0 1,3.466 -3.466h37.581a3.466,3.466 0,0 1,3.466 3.466v30.528a3.466,3.466 0,0 1,-3.466 3.466"/>
            <path
                android:pathData="M223.027,105.539h44.513v37.46h-44.513z"
                android:strokeAlpha="0.3"
                android:fillAlpha="0.3">
              <aapt:attr name="android:fillColor">
                <gradient 
                    android:startY="275.9445"
                    android:startX="80.54086"
                    android:endY="275.9445"
                    android:endX="80.76343"
                    android:type="linear">
                  <item android:offset="0" android:color="#FFC3F4FB"/>
                  <item android:offset="1" android:color="#FFDCD0FE"/>
                </gradient>
              </aapt:attr>
            </path>
          </group>
        </group>
        <group>
          <clip-path
              android:pathData="M222.846,105.313h44.513v37.461h-44.513z"/>
          <group>
            <clip-path
                android:pathData="M263.893,142.774L226.313,142.774a3.466,3.466 0,0 1,-3.466 -3.466L222.847,108.779A3.466,3.466 0,0 1,226.313 105.313L263.893,105.313a3.466,3.466 0,0 1,3.466 3.466v30.528a3.466,3.466 0,0 1,-3.466 3.466"/>
            <path
                android:pathData="M222.846,105.313h44.513v37.461h-44.513z"
                android:strokeAlpha="0.3"
                android:fillAlpha="0.3">
              <aapt:attr name="android:fillColor">
                <gradient 
                    android:startY="275.94785"
                    android:startX="80.53788"
                    android:endY="275.94785"
                    android:endX="80.760445"
                    android:type="linear">
                  <item android:offset="0" android:color="#FFBAF3FA"/>
                  <item android:offset="1" android:color="#FFD7C9FE"/>
                </gradient>
              </aapt:attr>
            </path>
          </group>
        </group>
        <group>
          <clip-path
              android:pathData="M222.665,105.086h44.513v37.461h-44.513z"/>
          <group>
            <clip-path
                android:pathData="M263.712,142.547L226.131,142.547a3.466,3.466 0,0 1,-3.466 -3.466L222.665,108.552a3.466,3.466 0,0 1,3.466 -3.466h37.581a3.466,3.466 0,0 1,3.466 3.466v30.528a3.466,3.466 0,0 1,-3.466 3.466"/>
            <path
                android:pathData="M222.665,105.086h44.513v37.461h-44.513z"
                android:strokeAlpha="0.3"
                android:fillAlpha="0.3">
              <aapt:attr name="android:fillColor">
                <gradient 
                    android:startY="275.94562"
                    android:startX="80.534966"
                    android:endY="275.94562"
                    android:endX="80.75753"
                    android:type="linear">
                  <item android:offset="0" android:color="#FFB2F1FA"/>
                  <item android:offset="1" android:color="#FFD2C2FE"/>
                </gradient>
              </aapt:attr>
            </path>
          </group>
        </group>
        <group>
          <clip-path
              android:pathData="M222.485,104.86h44.513v37.461h-44.513z"/>
          <group>
            <clip-path
                android:pathData="M263.536,142.321L225.951,142.321a3.466,3.466 0,0 1,-3.466 -3.466L222.485,108.326a3.466,3.466 0,0 1,3.466 -3.466L263.536,104.86a3.466,3.466 0,0 1,3.466 3.466v30.528A3.466,3.466 0,0 1,263.536 142.321"/>
            <path
                android:pathData="M222.485,104.86h44.513v37.461h-44.513z"
                android:strokeAlpha="0.3"
                android:fillAlpha="0.3">
              <aapt:attr name="android:fillColor">
                <gradient 
                    android:startY="275.94437"
                    android:startX="80.53303"
                    android:endY="275.94437"
                    android:endX="80.75559"
                    android:type="linear">
                  <item android:offset="0" android:color="#FFA9F0F9"/>
                  <item android:offset="1" android:color="#FFCDBBFE"/>
                </gradient>
              </aapt:attr>
            </path>
          </group>
        </group>
        <group>
          <clip-path
              android:pathData="M222.304,104.634h44.513v37.461h-44.513z"/>
          <group>
            <clip-path
                android:pathData="M263.347,142.095L225.77,142.095a3.466,3.466 0,0 1,-3.466 -3.466L222.304,108.1a3.466,3.466 0,0 1,3.466 -3.466L263.347,104.634a3.466,3.466 0,0 1,3.466 3.466v30.528a3.466,3.466 0,0 1,-3.466 3.466"/>
            <path
                android:pathData="M222.304,104.634h44.513v37.461h-44.513z"
                android:strokeAlpha="0.3"
                android:fillAlpha="0.3">
              <aapt:attr name="android:fillColor">
                <gradient 
                    android:startY="275.94315"
                    android:startX="80.530045"
                    android:endY="275.94315"
                    android:endX="80.75261"
                    android:type="linear">
                  <item android:offset="0" android:color="#FFA1EEF9"/>
                  <item android:offset="1" android:color="#FFC9B5FE"/>
                </gradient>
              </aapt:attr>
            </path>
          </group>
        </group>
        <group>
          <clip-path
              android:pathData="M222.123,104.408h44.513v37.461h-44.513z"/>
          <group>
            <clip-path
                android:pathData="M263.17,141.869L225.589,141.869a3.466,3.466 0,0 1,-3.466 -3.466L222.123,107.874a3.466,3.466 0,0 1,3.466 -3.466h37.581a3.466,3.466 0,0 1,3.466 3.466L266.636,138.402a3.466,3.466 0,0 1,-3.466 3.466"/>
            <path
                android:pathData="M222.123,104.408h44.513v37.461h-44.513z"
                android:strokeAlpha="0.3"
                android:fillAlpha="0.3">
              <aapt:attr name="android:fillColor">
                <gradient 
                    android:startY="275.94186"
                    android:startX="80.52713"
                    android:endY="275.94186"
                    android:endX="80.749695"
                    android:type="linear">
                  <item android:offset="0" android:color="#FF98EDF8"/>
                  <item android:offset="1" android:color="#FFC4AEFE"/>
                </gradient>
              </aapt:attr>
            </path>
          </group>
        </group>
        <group>
          <clip-path
              android:pathData="M221.942,104.182h44.513v37.461h-44.513z"/>
          <group>
            <clip-path
                android:pathData="M262.989,141.643L225.408,141.643a3.466,3.466 0,0 1,-3.466 -3.466L221.942,107.648a3.466,3.466 0,0 1,3.466 -3.466L262.989,104.182a3.466,3.466 0,0 1,3.466 3.466L266.455,138.177a3.466,3.466 0,0 1,-3.466 3.466"/>
            <path
                android:pathData="M221.942,104.182h44.513v37.461h-44.513z"
                android:strokeAlpha="0.3"
                android:fillAlpha="0.3">
              <aapt:attr name="android:fillColor">
                <gradient 
                    android:startY="275.9407"
                    android:startX="80.52415"
                    android:endY="275.9407"
                    android:endX="80.74671"
                    android:type="linear">
                  <item android:offset="0" android:color="#FF90EBF8"/>
                  <item android:offset="1" android:color="#FFBFA7FE"/>
                </gradient>
              </aapt:attr>
            </path>
          </group>
        </group>
        <group>
          <clip-path
              android:pathData="M221.762,103.955h44.513v37.46h-44.513z"/>
          <group>
            <clip-path
                android:pathData="M262.809,141.415L225.228,141.415a3.466,3.466 0,0 1,-3.466 -3.466L221.762,107.421a3.466,3.466 0,0 1,3.466 -3.466h37.581a3.466,3.466 0,0 1,3.466 3.466v30.528a3.466,3.466 0,0 1,-3.466 3.466"/>
            <path
                android:pathData="M221.762,103.955h44.513v37.46h-44.513z"
                android:strokeAlpha="0.3"
                android:fillAlpha="0.3">
              <aapt:attr name="android:fillColor">
                <gradient 
                    android:startY="275.97134"
                    android:startX="80.52224"
                    android:endY="275.97134"
                    android:endX="80.744804"
                    android:type="linear">
                  <item android:offset="0" android:color="#FF87EAF7"/>
                  <item android:offset="1" android:color="#FFBAA0FE"/>
                </gradient>
              </aapt:attr>
            </path>
          </group>
        </group>
        <group>
          <clip-path
              android:pathData="M221.581,103.729h44.513v37.46h-44.513z"/>
          <group>
            <clip-path
                android:pathData="M262.628,141.189L225.047,141.189a3.466,3.466 0,0 1,-3.466 -3.466L221.581,107.195a3.466,3.466 0,0 1,3.466 -3.466h37.581a3.466,3.466 0,0 1,3.466 3.466v30.528a3.466,3.466 0,0 1,-3.466 3.466"/>
            <path
                android:pathData="M221.581,103.729h44.513v37.46h-44.513z"
                android:strokeAlpha="0.3"
                android:fillAlpha="0.3">
              <aapt:attr name="android:fillColor">
                <gradient 
                    android:startY="275.97006"
                    android:startX="80.519295"
                    android:endY="275.97006"
                    android:endX="80.74186"
                    android:type="linear">
                  <item android:offset="0" android:color="#FF7EE8F6"/>
                  <item android:offset="1" android:color="#FFB59AFE"/>
                </gradient>
              </aapt:attr>
            </path>
          </group>
        </group>
        <group>
          <clip-path
              android:pathData="M221.4,103.503h44.513v37.46h-44.513z"/>
          <group>
            <clip-path
                android:pathData="M262.447,140.963L224.866,140.963a3.466,3.466 0,0 1,-3.466 -3.466L221.4,106.971a3.466,3.466 0,0 1,3.466 -3.466h37.581a3.466,3.466 0,0 1,3.466 3.466v30.528a3.466,3.466 0,0 1,-3.466 3.466"/>
            <path
                android:pathData="M221.4,103.503h44.513v37.46h-44.513z"
                android:strokeAlpha="0.3"
                android:fillAlpha="0.3">
              <aapt:attr name="android:fillColor">
                <gradient 
                    android:startY="275.96884"
                    android:startX="80.51635"
                    android:endY="275.96884"
                    android:endX="80.783424"
                    android:type="linear">
                  <item android:offset="0" android:color="#FF76E7F6"/>
                  <item android:offset="1" android:color="#FFB093FD"/>
                </gradient>
              </aapt:attr>
            </path>
          </group>
        </group>
        <group>
          <clip-path
              android:pathData="M221.219,103.277h44.513v37.46h-44.513z"/>
          <group>
            <clip-path
                android:pathData="M262.266,140.736L224.685,140.736a3.466,3.466 0,0 1,-3.466 -3.466L221.219,106.743a3.466,3.466 0,0 1,3.466 -3.466h37.581a3.466,3.466 0,0 1,3.466 3.466v30.528a3.466,3.466 0,0 1,-3.466 3.466"/>
            <path
                android:pathData="M221.219,103.277h44.513v37.46h-44.513z"
                android:strokeAlpha="0.3"
                android:fillAlpha="0.3">
              <aapt:attr name="android:fillColor">
                <gradient 
                    android:startY="275.9676"
                    android:startX="80.5134"
                    android:endY="275.9676"
                    android:endX="80.78048"
                    android:type="linear">
                  <item android:offset="0" android:color="#FF6DE5F5"/>
                  <item android:offset="1" android:color="#FFAB8CFD"/>
                </gradient>
              </aapt:attr>
            </path>
          </group>
        </group>
        <group>
          <clip-path
              android:pathData="M221.038,103.051h44.513v37.46h-44.513z"/>
          <group>
            <clip-path
                android:pathData="M262.085,140.511L224.504,140.511a3.466,3.466 0,0 1,-3.466 -3.466L221.038,106.517a3.466,3.466 0,0 1,3.466 -3.466h37.581a3.466,3.466 0,0 1,3.466 3.466v30.528a3.466,3.466 0,0 1,-3.466 3.466"/>
            <path
                android:pathData="M221.038,103.051h44.513v37.46h-44.513z"
                android:strokeAlpha="0.3"
                android:fillAlpha="0.3">
              <aapt:attr name="android:fillColor">
                <gradient 
                    android:startY="275.96637"
                    android:startX="80.55496"
                    android:endY="275.96637"
                    android:endX="80.77753"
                    android:type="linear">
                  <item android:offset="0" android:color="#FF65E4F5"/>
                  <item android:offset="1" android:color="#FFA685FD"/>
                </gradient>
              </aapt:attr>
            </path>
          </group>
        </group>
        <group>
          <clip-path
              android:pathData="M220.858,102.825h44.513v37.46h-44.513z"/>
          <group>
            <clip-path
                android:pathData="M261.905,140.285L224.324,140.285a3.466,3.466 0,0 1,-3.466 -3.466L220.858,106.291a3.466,3.466 0,0 1,3.466 -3.466h37.581a3.466,3.466 0,0 1,3.466 3.466v30.528a3.466,3.466 0,0 1,-3.466 3.466"/>
            <path
                android:pathData="M220.858,102.825h44.513v37.46h-44.513z"
                android:strokeAlpha="0.3"
                android:fillAlpha="0.3">
              <aapt:attr name="android:fillColor">
                <gradient 
                    android:startY="275.96515"
                    android:startX="80.553024"
                    android:endY="275.96515"
                    android:endX="80.77559"
                    android:type="linear">
                  <item android:offset="0" android:color="#FF5CE2F4"/>
                  <item android:offset="1" android:color="#FFA17FFD"/>
                </gradient>
              </aapt:attr>
            </path>
          </group>
        </group>
        <group>
          <clip-path
              android:pathData="M220.677,102.598h44.513v37.461h-44.513z"/>
          <group>
            <clip-path
                android:pathData="M261.724,140.059L224.143,140.059a3.466,3.466 0,0 1,-3.466 -3.466L220.677,106.064a3.466,3.466 0,0 1,3.466 -3.466h37.581a3.466,3.466 0,0 1,3.466 3.466v30.528a3.466,3.466 0,0 1,-3.466 3.466"/>
            <path
                android:pathData="M220.677,102.598h44.513v37.461h-44.513z"
                android:strokeAlpha="0.3"
                android:fillAlpha="0.3">
              <aapt:attr name="android:fillColor">
                <gradient 
                    android:startY="275.96747"
                    android:startX="80.55008"
                    android:endY="275.96747"
                    android:endX="80.772644"
                    android:type="linear">
                  <item android:offset="0" android:color="#FF54E1F4"/>
                  <item android:offset="1" android:color="#FF9C78FD"/>
                </gradient>
              </aapt:attr>
            </path>
          </group>
        </group>
        <group>
          <clip-path
              android:pathData="M220.496,102.372h44.513v37.461h-44.513z"/>
          <group>
            <clip-path
                android:pathData="M261.543,139.833L223.96,139.833a3.466,3.466 0,0 1,-3.466 -3.466L220.494,105.838a3.466,3.466 0,0 1,3.466 -3.466h37.581a3.466,3.466 0,0 1,3.466 3.466L265.007,136.366a3.466,3.466 0,0 1,-3.466 3.466"/>
            <path
                android:pathData="M220.496,102.372h44.513v37.461h-44.513z"
                android:strokeAlpha="0.3"
                android:fillAlpha="0.3">
              <aapt:attr name="android:fillColor">
                <gradient 
                    android:startY="275.9663"
                    android:startX="80.54713"
                    android:endY="275.9663"
                    android:endX="80.76969"
                    android:type="linear">
                  <item android:offset="0" android:color="#FF4BDFF3"/>
                  <item android:offset="1" android:color="#FF9771FD"/>
                </gradient>
              </aapt:attr>
            </path>
          </group>
        </group>
      </group>
      <path
          android:pathData="M261.543,139.833L223.96,139.833a3.466,3.466 0,0 1,-3.466 -3.466L220.494,105.838a3.466,3.466 0,0 1,3.466 -3.466h37.581a3.466,3.466 0,0 1,3.466 3.466L265.007,136.366a3.466,3.466 0,0 1,-3.466 3.466"
          android:fillColor="#fff"/>
    </group>
    <group>
      <clip-path
          android:pathData="M251.44,108.961l1.455,1.455 -9.865,9.865h-5.923l-10.972,10.972 2.074,2.074 10.113,-10.113h5.923l10.724,-10.724 1.495,1.495 1.839,-6.863Z"/>
      <path
          android:pathData="M213.032,120.225l29.187,-29.187l29.187,29.187l-29.187,29.187z">
      </path>
    </group>
    <group>
      <clip-path
          android:pathData="M80.535,78.481h270.93v197.474h-270.93z"/>
      <group>
        <clip-path
            android:pathData="M80.535,268.959h213.088v6.996h-213.088z"/>
        <path
            android:fillColor="#FF000000"
            android:pathData="M293.623,272.457c0,1.932 -47.7,3.5 -106.544,3.5S80.535,274.389 80.535,272.457s47.7,-3.5 106.544,-3.5 106.544,1.566 106.544,3.5"
            android:strokeAlpha="0.2"
            android:fillAlpha="0.2"/>
      </group>
    </group>
    <group>
      <clip-path
          android:pathData="M135.035,98.793s3.518,-6 6.487,-4.341c2.6,1.455 2.715,4.545 -3.442,4.545a25.248,25.248 0,0 1,-3.045 -0.2M128.435,93.332c3.282,-0.9 5.25,5.776 5.25,5.776 -9.186,-1.123 -8.533,-4.877 -5.25,-5.776m-1.081,-1.409c-4.475,1.226 -5.365,6.342 7.156,7.873 0,0 -0.055,-0.186 -0.162,-0.5 12.249,1.421 12.582,-3.7 8.565,-5.95 -3.6,-2.016 -7.788,4.229 -8.673,5.64 -0.723,-2.031 -2.87,-7.176 -6.061,-7.176a3.112,3.112 0,0 0,-0.826 0.114"/>
      <path
          android:pathData="M120.856,100.578l1.494,-12.26l25.715,3.133l-1.494,12.26z">
      </path>
    </group>
    <group>
      <clip-path
          android:pathData="M80.535,78.481h270.93v197.474h-270.93z"/>
      <path
          android:pathData="M143.81,127.724 L120.002,124.814a2.215,2.215 0,0 1,-1.93 -2.467l2.667,-21.812a1.515,1.515 0,0 1,1.688 -1.32l25.2,3.081a1.515,1.515 0,0 1,1.32 1.688l-2.667,21.812a2.215,2.215 0,0 1,-2.467 1.93"
          android:fillColor="#324044"/>
      <path
          android:pathData="M149.68,104.68l-29.977,-3.666 0.448,-3.667a0.265,0.265 0,0 1,0.3 -0.231l29.45,3.6a0.265,0.265 0,0 1,0.231 0.3Z"
          android:fillColor="#324044"/>
      <group>
        <clip-path
            android:pathData="M120.585,101.145h28.292v3.994h-28.292z"/>
        <path
            android:pathData="M120.585,101.687l0.066,-0.542l28.237,3.441l-0.066,0.542z"
            android:fillColor="#e6e6e6"/>
      </group>
      <path
          android:pathData="M164.667,89.934s-0.079,-0.267 -0.232,-0.719c17.564,2.038 18.041,-5.3 12.282,-8.531 -5.159,-2.891 -11.167,6.064 -12.436,8.087C163.157,85.613 159.635,77.211 154.406,78.644c-6.416,1.758 -7.692,9.094 10.261,11.29m0.755,-1.438s5.045,-8.611 9.3,-6.225 3.869,7.836 -9.3,6.225m-9.465,-7.831c4.707,-1.29 7.529,8.283 7.529,8.283 -13.172,-1.611 -12.235,-6.993 -7.529,-8.283"
          android:fillColor="#324044"/>
    </group>
    <group>
      <clip-path
          android:pathData="M143.153,90.052l-4.254,34.791a2.1,2.1 0,0 0,1.827 2.337l38.132,4.663a2.1,2.1 0,0 0,2.337 -1.827l4.254,-34.791A1.4,1.4 0,0 0,184.235 93.667l-39.521,-4.833a1.4,1.4 0,0 0,-1.557 1.217"/>
      <path
          android:pathData="M133.557,131.347l5.89,-48.16l51.296,6.274l-5.89,48.16z">
      </path>
    </group>
    <group>
      <clip-path
          android:pathData="M142.182,86.008l-0.688,5.63 44.951,5.5 0.689,-5.631a0.265,0.265 0,0 0,-0.231 -0.3l-44.425,-5.433 -0.032,0a0.265,0.265 0,0 0,-0.263 0.233"/>
      <path
          android:pathData="M140.554,85.853l46.283,-3.857l1.255,15.061l-46.283,3.857z">
      </path>
    </group>
    <group>
      <clip-path
          android:pathData="M80.535,78.481h270.93v197.474h-270.93z"/>
      <group>
        <clip-path
            android:pathData="M142.816,91.837h42.425v5.989h-42.425z"/>
        <path
            android:pathData="M142.816,92.65l0.099,-0.813l42.326,5.176l-0.099,0.813z"
            android:fillColor="#e6e6e6"/>
      </group>
    </group>
    <group>
      <clip-path
          android:pathData="M188.047,111.488s2.612,-4.459 4.817,-3.224c1.928,1.081 2.016,3.375 -2.556,3.375a18.751,18.751 0,0 1,-2.261 -0.152m-4.9,-4.055c2.437,-0.668 3.9,4.289 3.9,4.289 -6.821,-0.834 -6.336,-3.621 -3.9,-4.289M182.347,106.388c-3.322,0.91 -3.984,4.71 5.314,5.846 0,0 -0.041,-0.138 -0.12,-0.372 9.1,1.056 9.343,-2.747 6.36,-4.418 -2.672,-1.5 -5.783,3.141 -6.44,4.188 -0.537,-1.508 -2.131,-5.328 -4.5,-5.328a2.3,2.3 0,0 0,-0.613 0.084"/>
      <path
          android:pathData="M177.523,112.818l1.113,-9.099l19.087,2.334l-1.113,9.099z">
      </path>
    </group>
    <group>
      <clip-path
          android:pathData="M176.293,112.465l-2.076,16.972a1.825,1.825 0,0 0,1.59 2.033l18.151,2.219a1.825,1.825 0,0 0,2.033 -1.59l2.075,-16.972a0.919,0.919 0,0 0,-0.8 -1.024l-19.949,-2.439a0.9,0.9 0,0 0,-0.113 -0.007,0.919 0.919,0 0,0 -0.911,0.808"/>
      <path
          android:pathData="M174.096,111.657h24.033v22.155h-24.033z">
        <aapt:attr name="android:fillColor">
          <gradient 
              android:startY="275.95847"
              android:startX="80.53551"
              android:endY="50.86368"
              android:endX="267.70456"
              android:type="linear">
            <item android:offset="0" android:color="#FF324044"/>
            <item android:offset="0.477" android:color="#FF324044"/>
            <item android:offset="1" android:color="#FF2BB780"/>
          </gradient>
        </aapt:attr>
      </path>
    </group>
    <group>
      <clip-path
          android:pathData="M175.793,110.389l-0.329,2.694 23.14,2.83 0.329,-2.693a0.343,0.343 0,0 0,-0.3 -0.382l-22.459,-2.747a0.289,0.289 0,0 0,-0.042 0,0.343 0.343,0 0,0 -0.34,0.3"/>
      <path
          android:pathData="M174.762,115.827l1.045,-8.574l23.858,2.907l-1.045,8.574z">
        <aapt:attr name="android:fillColor">
          <gradient 
              android:startY="190.85762"
              android:startX="-120.487976"
              android:endY="190.85762"
              android:endX="-119.81559"
              android:type="linear">
            <item android:offset="0" android:color="#FF324044"/>
            <item android:offset="0.002" android:color="#FF324044"/>
            <item android:offset="1" android:color="#FF2BB780"/>
          </gradient>
        </aapt:attr>
      </path>
    </group>
    <group>
      <clip-path
          android:pathData="M80.535,78.481h270.93v197.474h-270.93z"/>
      <group>
        <clip-path
            android:pathData="M176.145,113.185h21.84v3.083h-21.84z"/>
        <path
            android:pathData="M176.145,113.604l0.051,-0.419l21.789,2.665l-0.051,0.419z"
            android:fillColor="#e6e6e6"/>
      </group>
    </group>
    <group>
      <clip-path
          android:pathData="M166.924,232.97h68.031v9.719h-68.031z"/>
      <path
          android:pathData="M162.065,237.829l38.875,-38.875l38.875,38.875l-38.875,38.875z">
        <aapt:attr name="android:fillColor">
          <gradient 
              android:startY="291.70972"
              android:startX="30.667503"
              android:endY="278.80322"
              android:endX="276.59076"
              android:type="linear">
            <item android:offset="0" android:color="#FF324044"/>
            <item android:offset="0.553" android:color="#FF324044"/>
            <item android:offset="1" android:color="#FF2BB780"/>
          </gradient>
        </aapt:attr>
      </path>
    </group>
    <group>
      <clip-path
          android:pathData="M80.535,78.481h270.93v197.474h-270.93z"/>
      <path
          android:pathData="M188.324,232.969h25.231v9.72h-25.231z"
          android:fillColor="#fbae17"/>
      <path
          android:pathData="M189.201,232.969h23.477v9.72h-23.477z"
          android:fillColor="#f2f2f2"/>
    </group>
    <group>
      <clip-path
          android:pathData="M170.446,242.69h68.031v9.819h-68.031z"/>
      <path
          android:pathData="M165.537,247.599l38.925,-38.925l38.925,38.925l-38.925,38.925z">
        <aapt:attr name="android:fillColor">
          <gradient 
              android:startY="287.69174"
              android:startX="29.221642"
              android:endY="284.49988"
              android:endX="302.2416"
              android:type="linear">
            <item android:offset="0" android:color="#FF324044"/>
            <item android:offset="0.384" android:color="#FF324044"/>
            <item android:offset="1" android:color="#FF2BB780"/>
          </gradient>
        </aapt:attr>
      </path>
    </group>
    <group>
      <clip-path
          android:pathData="M80.535,78.481h270.93v197.474h-270.93z"/>
      <path
          android:pathData="M191.846,242.689h25.231v9.82h-25.231z"
          android:fillColor="#fbae17"/>
      <path
          android:pathData="M192.723,242.689h23.477v9.82h-23.477z"
          android:fillColor="#f2f2f2"/>
      <group>
        <clip-path
            android:pathData="M170.488,242.682h67.948v1.252h-67.948z"/>
        <path
            android:pathData="M170.488,242.682h67.948v1.252h-67.948z"
            android:strokeAlpha="0.3"
            android:fillColor="#999"
            android:fillAlpha="0.3"/>
      </group>
    </group>
    <group>
      <clip-path
          android:pathData="M166.699,252.511h68.031v9.819h-68.031z"/>
      <path
          android:pathData="M161.79,257.42l38.925,-38.925l38.925,38.925l-38.925,38.925z">
        <aapt:attr name="android:fillColor">
          <gradient 
              android:startY="283.65546"
              android:startX="30.768433"
              android:endY="276.96036"
              android:endX="259.02466"
              android:type="linear">
            <item android:offset="0" android:color="#FF324044"/>
            <item android:offset="0.434" android:color="#FF324044"/>
            <item android:offset="1" android:color="#FF2BB780"/>
          </gradient>
        </aapt:attr>
      </path>
    </group>
    <group>
      <clip-path
          android:pathData="M80.535,78.481h270.93v197.474h-270.93z"/>
      <path
          android:pathData="M188.099,252.51h25.231v9.82h-25.231z"
          android:fillColor="#fbae17"/>
      <path
          android:pathData="M188.976,252.51h23.477v9.82h-23.477z"
          android:fillColor="#f2f2f2"/>
      <group>
        <clip-path
            android:pathData="M166.74,252.503h67.948v1.252h-67.948z"/>
        <path
            android:pathData="M166.74,252.503h67.948v1.252h-67.948z"
            android:strokeAlpha="0.3"
            android:fillColor="#999"
            android:fillAlpha="0.3"/>
      </group>
    </group>
    <group>
      <clip-path
          android:pathData="M166.699,262.323h68.031v9.819h-68.031z"/>
      <path
          android:pathData="M161.79,267.232l38.925,-38.925l38.925,38.925l-38.925,38.925z">
        <aapt:attr name="android:fillColor">
          <gradient 
              android:startY="279.5323"
              android:startX="30.768433"
              android:endY="263.41733"
              android:endX="312.11835"
              android:type="linear">
            <item android:offset="0" android:color="#FF324044"/>
            <item android:offset="0.396" android:color="#FF324044"/>
            <item android:offset="1" android:color="#FF2BB780"/>
          </gradient>
        </aapt:attr>
      </path>
    </group>
    <group>
      <clip-path
          android:pathData="M80.535,78.481h270.93v197.474h-270.93z"/>
      <path
          android:pathData="M188.099,262.323h25.231v9.82h-25.231z"
          android:fillColor="#fbae17"/>
      <path
          android:pathData="M188.976,262.323h23.477v9.82h-23.477z"
          android:fillColor="#f2f2f2"/>
      <group>
        <clip-path
            android:pathData="M166.74,262.316h67.948v1.252h-67.948z"/>
        <path
            android:pathData="M166.74,262.316h67.948v1.252h-67.948z"
            android:strokeAlpha="0.3"
            android:fillColor="#999"
            android:fillAlpha="0.3"/>
      </group>
      <path
          android:pathData="M189.411,160.128c-1.112,-0.378 -2.042,-0.444 -2.694,0.436 -1.8,2.435 5.864,11.1 5.864,11.1s6.769,0.9 12.426,1.151c-4.715,-0.532 -8.416,-1.107 -8.416,-1.107A75.567,75.567 0,0 1,189.411 160.128"
          android:fillColor="#325044"/>
      <path
          android:pathData="M212.556,171.793c0.193,-2.5 5.67,-9.743 3.415,-12.72s-6.637,3.315 -10.116,0.135 -5.284,1.015 -9.343,2.368c-2.593,0.865 -5.133,-0.782 -7.1,-1.45a75.581,75.581 0,0 0,7.18 11.575s3.7,0.575 8.416,1.107c4.014,0.176 7.468,0.023 7.548,-1.016"
          android:fillColor="#324044"/>
      <path
          android:pathData="M230.673,219.76c-1.232,-11.076 -9.683,-34.683 -16.1,-42.32l-0.073,0.2h-21.25s-8.924,26.025 -10.526,34.137c-1.574,7.969 0.492,17.475 6.493,19.54 4.276,1.472 20.383,0.719 29.294,1.5a15.754,15.754 0,0 0,3.089 -0.743c3.978,-1.4 9.915,-4.769 9.075,-12.316"
          android:fillColor="#324044"/>
      <path
          android:pathData="M182.721,211.776c1.234,-6.245 6.806,-23.106 9.306,-30.536a5.287,5.287 0,0 1,5.013 -3.6L214.497,177.64l0.073,-0.2c-0.085,-0.1 -0.169,-0.2 -0.253,-0.3 -1.761,-1.995 -10.026,-1.885 -11.6,-1.845 -0.088,0 -0.171,0 -0.258,0 -0.471,-0.012 -1.55,-0.03 -2.875,0 -3.08,0.08 -7.495,0.445 -8.727,1.841 -6.449,7.306 -15.107,31.393 -16.356,42.615 -0.84,7.547 5.1,10.918 9.075,12.317a15.87,15.87 0,0 0,5.273 0.894h27.474a16.07,16.07 0,0 0,2.184 -0.151c-8.911,-0.782 -25.019,-0.029 -29.295,-1.5 -6,-2.066 -8.067,-11.572 -6.493,-19.54"
          android:fillColor="#325044"/>
    </group>
    <group>
      <clip-path
          android:pathData="M202.71,171.397h-9.723a1.373,1.373 0,0 0,-1.21 1.491v2.032a1.372,1.372 0,0 0,1.21 1.49h19.2a1.372,1.372 0,0 0,1.21 -1.49L213.397,172.89a1.373,1.373 0,0 0,-1.21 -1.491Z"/>
      <path
          android:pathData="M191.776,171.397h21.624v5.013h-21.624z">
        <aapt:attr name="android:fillColor">
          <gradient 
              android:startY="275.95316"
              android:startX="80.54218"
              android:endY="275.95316"
              android:endX="80.75842"
              android:type="linear">
            <item android:offset="0" android:color="#FFFEBF00"/>
            <item android:offset="0.001" android:color="#FFFEBF00"/>
            <item android:offset="0.984" android:color="#FFFFDF00"/>
            <item android:offset="1" android:color="#FFFFDF00"/>
          </gradient>
        </aapt:attr>
      </path>
    </group>
    <group>
      <clip-path
          android:pathData="M80.535,78.481h270.93v197.474h-270.93z"/>
      <group>
        <clip-path
            android:pathData="M191.776,171.397h21.625v5.013h-21.625z"/>
        <path
            android:fillColor="#FF000000"
            android:pathData="M212.19,171.397h-19.2a1.373,1.373 0,0 0,-1.21 1.491v2.032a1.373,1.373 0,0 0,1.21 1.491h19.2a1.373,1.373 0,0 0,1.21 -1.491L213.4,172.89a1.373,1.373 0,0 0,-1.21 -1.491"
            android:strokeAlpha="0.3"
            android:fillAlpha="0.3"/>
      </group>
    </group>
    <group>
      <clip-path
          android:pathData="M202.71,171.397h-9.723a1.224,1.224 0,0 0,-1.21 1.237v1.687a1.224,1.224 0,0 0,1.21 1.237h19.2a1.224,1.224 0,0 0,1.21 -1.237v-1.687a1.224,1.224 0,0 0,-1.21 -1.237Z"/>
      <path
          android:pathData="M191.776,171.397h21.624v4.162h-21.624z">
      </path>
    </group>
    <group>
      <clip-path
          android:pathData="M80.535,78.481h270.93v197.474h-270.93z"/>
      <path
          android:pathData="M144.383,263.169l0.45,-1.735 3.963,1.336 -0.732,1.641Z"
          android:fillColor="#f8ac9b"/>
    </group>
    <group>
      <clip-path
          android:pathData="M142.065,268.348c0.058,0.13 6.154,2.3 10.1,3.6a8.032,8.032 0,0 0,3.074 0.095c0.421,-0.052 0.7,-0.1 0.708,-0.1a1.032,1.032 0,0 0,0.9 -1.3c-0.089,-0.492 -2.84,-0.615 -4.283,-1.506a7.455,7.455 0,0 1,-2.556 -2.23,6.159 6.159,0 0,1 -0.6,-2.04l-5.5,-1.853s-1.931,5.162 -1.853,5.336"/>
      <path
          android:pathData="M139.378,271.435l3.929,-12.682l16.357,5.067l-3.929,12.682z">
        <aapt:attr name="android:fillColor">
          <gradient 
              android:startY="276.27124"
              android:startX="44.11497"
              android:endY="276.27124"
              android:endX="44.45983"
              android:type="linear">
            <item android:offset="0" android:color="#FF3A3C63"/>
            <item android:offset="1" android:color="#FF40447B"/>
          </gradient>
        </aapt:attr>
      </path>
    </group>
    <group>
      <clip-path
          android:pathData="M80.535,78.481h270.93v197.474h-270.93z"/>
      <path
          android:pathData="M191.23,127.62c0.077,-0.4 0.27,-0.865 0.652,-0.892 0.406,-0.028 0.65,0.5 0.6,0.925a0.788,0.788 0,0 0,0 0.378c0.118,0.3 0.55,0.194 0.812,0.014a5.375,5.375 0,0 0,1.184 -1.118,11.87 11.87,0 0,1 0.777,-1 1.532,1.532 0,0 1,1.082 -0.53c0.783,0.018 1.283,0.913 1.378,1.732a5.233,5.233 0,0 1,-1.152 3.719,3.756 3.756,0 0,1 -1.732,1.339c-0.326,0.106 -0.67,0.143 -0.991,0.263a11.384,11.384 0,0 0,-1.373 0.8c-0.115,0.063 -0.456,0.634 -0.585,0.62a1.6,1.6 0,0 1,-0.451 -0.217,8.216 8.216,0 0,1 -1.576,-1.3c-0.6,-0.8 0.525,-1.346 0.85,-2.152a13.829,13.829 0,0 0,0.524 -2.588"
          android:fillColor="#f8ac9b"/>
      <path
          android:pathData="M121.545,119.722c0.131,-0.381 0.2,-0.885 -0.121,-1.1 -0.338,-0.227 -0.812,0.109 -0.98,0.5a0.786,0.786 0,0 1,-0.189 0.327c-0.253,0.2 -0.574,-0.106 -0.711,-0.392a5.376,5.376 0,0 1,-0.469 -1.559,11.845 11.845,0 0,0 -0.175,-1.255 1.531,1.531 0,0 0,-0.674 -1c-0.688,-0.375 -1.567,0.152 -2.058,0.815a5.233,5.233 0,0 0,-0.855 3.8,3.756 3.756,0 0,0 0.834,2.024c0.23,0.254 0.509,0.458 0.728,0.722a11.33,11.33 0,0 1,0.789 1.382c0.069,0.112 0.08,0.776 0.2,0.829a1.608,1.608 0,0 0,0.5 0.036,8.219 8.219,0 0,0 2.013,-0.339c0.917,-0.4 0.215,-1.429 0.335,-2.29a13.833,13.833 0,0 1,0.835 -2.5"
          android:fillColor="#f8ac9b"/>
      <path
          android:pathData="M146.771,140.32a8.5,8.5 0,0 0,1.134 2.806,7.283 7.283,0 0,1 0.527,0.965c0.223,0.493 0.221,2.234 0.755,2.321 0.36,0.059 0.35,-1.317 0.589,-1.594a2.736,2.736 0,0 0,0.481 -0.976c0.55,-1.727 0.758,-3.684 2.026,-4.978a3.976,3.976 0,0 1,2.693 -1.153c1.08,-0.034 2,0.749 3.033,0.687a6.647,6.647 0,0 0,4.994 -3.46,4.963 4.963,0 0,0 0.082,-4.247 4.222,4.222 0,0 0,-3.437 -2.4,1.865 1.865,0 0,0 -0.983,0.16 2.849,2.849 0,0 0,-0.627 0.515,8.645 8.645,0 0,1 -3.185,1.945 38.5,38.5 0,0 1,-4.571 0.922,4.107 4.107,0 0,0 -2.371,1.167 8.868,8.868 0,0 0,-1.274 4.229,8.248 8.248,0 0,0 0.135,3.09"
          android:fillColor="#43457b"/>
      <path
          android:pathData="M92.698,203.55l1.6,0.653 -1.866,3.743 -1.465,-0.919Z"
          android:fillColor="#f8ac9b"/>
    </group>
    <group>
      <clip-path
          android:pathData="M87.892,200.525c-0.136,0.039 -3.122,5.781 -4.947,9.517A10,10 0,0 0,82.436 213.789,1.032 1.032,0 0,0 83.596,214.859c0.5,-0.021 1,-2.729 2.078,-4.036A7.455,7.455 0,0 1,88.236 208.599a6.162,6.162 0,0 1,2.1 -0.312l2.588,-5.193s-4.752,-2.567 -5.025,-2.567h-0.007"/>
      <path
          android:pathData="M76.789,212.323l7.429,-15.874l14.229,6.659l-7.429,15.874z">
      </path>
    </group>
    <group>
      <clip-path
          android:pathData="M80.535,78.481h270.93v197.474h-270.93z"/>
      <path
          android:pathData="M165.07,208.312c-1.356,-2.833 -13.555,-19.474 -13.555,-19.474l-19.29,-3.3 -4.176,-0.65 -4.91,-2.035 -5.6,23.985a1.738,1.738 0,0 1,-1.912 1.557l-1.018,-0.2 -20.3,-3.974 -2.077,3.884L117.476,222.536c3.064,0.812 5.585,-0.967 7.755,-3.41l12.9,-15.034a4.345,4.345 0,0 1,1.162 -1.055c0.773,-0.423 1.419,-0.11 2.188,0.764l6.831,7.436 3.429,3.733c0.432,0.591 0.848,0.877 0.752,1.481l-7.967,45.061L148.976,263.146s22.429,-41.606 16.1,-54.832"
          android:fillColor="#3d3d3d"/>
      <group>
        <clip-path
            android:pathData="M114.607,182.854h13.711v26.528h-13.711z"/>
        <path
            android:pathData="M117.487,209.072c1.869,-1.342 2.587,-4.744 3.833,-8.768a74.057,74.057 0,0 1,4.648 -10.254L128.321,183.358l-5.179,-0.5 -5.6,23.986a1.738,1.738 0,0 1,-1.912 1.557l-1.018,-0.2c0.724,0.832 1.8,1.648 2.88,0.875"
            android:strokeAlpha="0.1"
            android:fillColor="#221f1f"
            android:fillAlpha="0.1"/>
      </group>
      <path
          android:pathData="M156.119,147.967l-1.548,5.23 -6.135,-2.144 0.933,-8.055 6.362,1.891Z"
          android:fillColor="#f8ac9b"/>
      <group>
        <clip-path
            android:pathData="M150.041,144.334h6.078v5.122h-6.078z"/>
        <path
            android:pathData="M150.041,144.334s0.536,4.108 1.89,4.8 3.629,0.057 3.629,0.057l0.558,-1.224a4.583,4.583 0,0 1,-2.392 0.325c-0.946,-0.273 -0.843,-0.228 -0.946,-0.273l-0.1,-0.045s-1.684,-0.539 -2.637,-3.64"
            android:strokeAlpha="0.5"
            android:fillColor="#f8ac9b"
            android:fillAlpha="0.5"/>
      </group>
      <path
          android:pathData="M160.252,137.559c0.471,-1.435 -0.177,-1.871 -1.122,-2 -0.88,-0.122 -2.016,0.021 -2.751,-0.132a17.5,17.5 0,0 0,-2.329 -0.273c-1.351,-0.1 -1.943,1.153 -2.171,1.993l-0.012,0.044a25.172,25.172 0,0 1,-0.769 3.347c-0.332,0.63 -0.8,-2.392 -1.934,-2.681a1.458,1.458 0,0 0,-0.771 -0.036,1.5 1.5,0 0,0 -1.072,1.2 3.007,3.007 0,0 0,0.634 2.181c0.44,0.626 0.994,1.157 1.412,1.8 0.835,1.285 1.089,2.961 2.1,4.1a4.093,4.093 0,0 0,4.65 0.873,6.153 6.153,0 0,0 3.222,-3.924c0.632,-2.139 0.22,-4.373 0.912,-6.483"
          android:fillColor="#f8ac9b"/>
      <group>
        <clip-path
            android:pathData="M151.868,135.149h7.263v2.042h-7.263z"/>
        <path
            android:pathData="M155.526,136.315a11.225,11.225 0,0 0,3.6 -0.756c-0.88,-0.122 -2.016,0.021 -2.751,-0.132a17.5,17.5 0,0 0,-2.329 -0.273c-1.351,-0.1 -1.943,1.153 -2.171,1.993 0,0.014 -0.008,0.029 -0.011,0.044 0.568,-0.64 1.884,-0.794 3.659,-0.877"
            android:strokeAlpha="0.5"
            android:fillColor="#f8ac9b"
            android:fillAlpha="0.5"/>
      </group>
      <group>
        <clip-path
            android:pathData="M139.293,193.025h12.051v21.514h-12.051z"/>
        <path
            android:pathData="M146.338,193.025c-0.687,2.645 -7.045,10.012 -7.045,10.012 0.773,-0.423 1.419,-0.11 2.187,0.764l9.864,10.738c-1.055,-1.5 -5.026,-8.164 -6.176,-9.749 -1.821,-2.508 0.551,-6.431 1.17,-11.765"
            android:strokeAlpha="0.1"
            android:fillColor="#221f1f"
            android:fillAlpha="0.1"/>
      </group>
    </group>
    <group>
      <clip-path
          android:pathData="M117.151,123.943l3.82,20.552a12.816,12.816 0,0 0,4.342 7.459l5.425,4.572 -7.568,25.99a3.1,3.1 0,0 0,2.568 3.944c8.395,-0.431 15.448,2.606 22.945,3.072 1.495,0.152 4.238,0.842 4.351,-0.656l-0.771,-2.95a5.548,5.548 0,0 1,0.029 -3.043q0.073,-0.236 0.161,-0.468l7.863,-20.836 13.469,-7.317a12.917,12.917 0,0 0,3.451 -2.726L192.918,134.045l-3.123,-2.6 -16.05,12.676a12.919,12.919 0,0 1,-5.047 2.437l-10.459,2.461 -2.657,0.75a7.691,7.691 0,0 1,-1.116 2.234c-2.2,1.861 -6.034,-2.728 -6.034,-2.728l-10.511,-1.723 -3.987,-1.457A12.817,12.817 0,0 1,126.253 138.328l-5.256,-14.854Z"/>
      <path
          android:pathData="M117.151,123.477h75.77v66.896h-75.77z">
        <aapt:attr name="android:fillColor">
          <gradient 
              android:startY="275.93298"
              android:startX="80.554085"
              android:endY="275.93298"
              android:endX="80.781395"
              android:type="linear">
            <item android:offset="0" android:color="#FFA2ED94"/>
            <item android:offset="1" android:color="#FF69C7B3"/>
          </gradient>
        </aapt:attr>
      </path>
    </group>
    <group>
      <clip-path
          android:pathData="M80.535,78.481h270.93v197.474h-270.93z"/>
      <group>
        <clip-path
            android:pathData="M124.742,156.526h9.702v20.59h-9.702z"/>
        <path
            android:pathData="M130.738,156.526l3.707,2.674 -9.7,17.917Z"
            android:strokeAlpha="0.1"
            android:fillColor="#221f1f"
            android:fillAlpha="0.1"/>
      </group>
      <group>
        <clip-path
            android:pathData="M145.205,148.745h9.69v4.772h-9.69z"/>
        <path
            android:pathData="M154.895,151.402a2.483,2.483 0,0 1,-2.414 2.1c-2.287,0.3 -7.276,-4.76 -7.276,-4.76l3.23,0.529s2.577,3.116 4.8,3.172a1.761,1.761 0,0 0,1.664 -1.044"
            android:strokeAlpha="0.1"
            android:fillColor="#221f1f"
            android:fillAlpha="0.1"/>
      </group>
    </group>
  </group>
</vector>
