<vector xmlns:android="http://schemas.android.com/apk/res/android"
    xmlns:aapt="http://schemas.android.com/aapt"
    android:width="360dp"
    android:height="640dp"
    android:viewportWidth="360"
    android:viewportHeight="640">
  <path
      android:pathData="M0,0h360v640h-360z">
    <aapt:attr name="android:fillColor">
      <gradient 
          android:startY="309.76"
          android:startX="191.88"
          android:endY="-325.76"
          android:endX="180"
          android:type="linear">
        <item android:offset="0" android:color="#FFFFFFFF"/>
        <item android:offset="0.584" android:color="#FFB1E5D0"/>
        <item android:offset="1" android:color="#FF2BB780"/>
      </gradient>
    </aapt:attr>
  </path>
  <group>
    <clip-path
        android:pathData="M48.637,256.301h267.946v15.649h-267.946z"/>
    <path
        android:pathData="M316.583,264.125c0,4.321 -59.982,7.824 -133.973,7.824S48.637,268.446 48.637,264.125 108.619,256.301 182.61,256.301 316.583,259.801 316.583,264.125"
        android:strokeAlpha="0.195"
        android:fillColor="#9b9b9b"
        android:fillAlpha="0.195"/>
  </group>
  <group>
    <clip-path
        android:pathData="M23,43h307v239h-307z"/>
    <path
        android:pathData="M269.196,79.3a3.251,3.251 0,0 1,4.186 -3.115,6.973 6.973,0 0,1 -0.073,-1 6.887,6.887 0,0 1,6.887 -6.887,6.966 6.966,0 0,1 1.268,0.119 6.019,6.019 0,0 1,11.162 3.043c0.034,0 0.066,-0.005 0.1,-0.005a5.548,5.548 0,1 1,0 11.1L272.352,82.555l0,0a3.249,3.249 0,0 1,-3.16 -3.247"
        android:strokeAlpha="0.354"
        android:fillColor="#f0f0f0"
        android:fillAlpha="0.354"/>
    <path
        android:pathData="M61.419,130.461a3.251,3.251 0,0 1,4.186 -3.115,6.972 6.972,0 0,1 -0.073,-1 6.887,6.887 0,0 1,6.887 -6.887,6.968 6.968,0 0,1 1.268,0.118 6.019,6.019 0,0 1,11.162 3.043c0.034,0 0.067,-0.005 0.1,-0.005a5.548,5.548 0,0 1,0 11.1L64.572,133.715l0,0a3.25,3.25 0,0 1,-3.16 -3.248"
        android:strokeAlpha="0.354"
        android:fillColor="#f0f0f0"
        android:fillAlpha="0.354"/>
    <path
        android:pathData="M170.399,91.602a5.143,5.143 0,0 0,-6.623 -4.928,11.011 11.011,0 0,0 0.115,-1.58 10.89,10.89 0,0 0,-12.9 -10.709,9.523 9.523,0 0,0 -17.661,4.815c-0.053,0 -0.105,-0.008 -0.159,-0.008a8.778,8.778 0,0 0,0 17.556h32.237l-0.007,-0.007a5.143,5.143 0,0 0,5 -5.139"
        android:strokeAlpha="0.354"
        android:fillColor="#f0f0f0"
        android:fillAlpha="0.354"/>
    <path
        android:pathData="M262.799,135.777a6.189,6.189 0,0 0,-7.971 -5.93,13.106 13.106,0 0,0 -15.39,-14.789 11.461,11.461 0,0 0,-21.253 5.794c-0.064,0 -0.126,-0.01 -0.19,-0.01a10.564,10.564 0,0 0,0 21.127h38.794l-0.008,-0.009a6.188,6.188 0,0 0,6.019 -6.184"
        android:strokeAlpha="0.354"
        android:fillColor="#f0f0f0"
        android:fillAlpha="0.354"/>
    <path
        android:pathData="M228.388,89.044a2.021,2.021 0,0 1,2.6 -1.936,4.387 4.387,0 0,1 -0.045,-0.621 4.281,4.281 0,0 1,5.071 -4.208,3.742 3.742,0 0,1 6.939,1.892c0.022,0 0.042,0 0.063,0a3.449,3.449 0,0 1,0 6.9L230.353,91.071l0,0a2.02,2.02 0,0 1,-1.965 -2.019"
        android:strokeAlpha="0.354"
        android:fillColor="#f0f0f0"
        android:fillAlpha="0.354"/>
    <path
        android:pathData="M92.846,67.228a2.021,2.021 0,0 0,-2.6 -1.936,4.387 4.387,0 0,0 0.045,-0.621 4.281,4.281 0,0 0,-5.071 -4.208,3.742 3.742,0 0,0 -6.94,1.892c-0.021,0 -0.041,0 -0.062,0a3.449,3.449 0,1 0,0 6.9L90.883,69.255l0,0a2.02,2.02 0,0 0,1.965 -2.019"
        android:strokeAlpha="0.354"
        android:fillColor="#f0f0f0"
        android:fillAlpha="0.354"/>
    <path
        android:pathData="M7.698,236.965h387.312v0.194h-387.312z"
        android:fillColor="#ebebeb"/>
    <path
        android:pathData="M330.545,249.434h25.657v0.194h-25.657z"
        android:fillColor="#ebebeb"/>
    <path
        android:pathData="M257.535,251.535h6.734v0.194h-6.734z"
        android:fillColor="#ebebeb"/>
    <path
        android:pathData="M314.903,242.241h14.867v0.194h-14.867z"
        android:fillColor="#ebebeb"/>
    <path
        android:pathData="M48.334,243.542h33.458v0.194h-33.458z"
        android:fillColor="#ebebeb"/>
    <path
        android:pathData="M88.69,243.542h4.906v0.194h-4.906z"
        android:fillColor="#ebebeb"/>
    <path
        android:pathData="M109.539,246.813h72.564v0.193h-72.564z"
        android:fillColor="#ebebeb"/>
    <path
        android:pathData="M191.295,202.418L41.716,202.418a4.426,4.426 0,0 1,-4.422 -4.422L37.294,-12.26A4.427,4.427 0,0 1,41.716 -16.682L191.295,-16.682a4.427,4.427 0,0 1,4.421 4.422L195.716,197.996a4.426,4.426 0,0 1,-4.421 4.422M41.716,-16.488A4.232,4.232 0,0 0,37.487 -12.26L37.487,197.996a4.232,4.232 0,0 0,4.228 4.228L191.295,202.224a4.233,4.233 0,0 0,4.227 -4.228L195.522,-12.26A4.233,4.233 0,0 0,191.295 -16.488Z"
        android:fillColor="#ebebeb"/>
    <path
        android:pathData="M358.839,202.418L209.265,202.418a4.426,4.426 0,0 1,-4.421 -4.422L204.844,-12.26A4.426,4.426 0,0 1,209.265 -16.682L358.839,-16.682a4.427,4.427 0,0 1,4.422 4.422L363.261,197.996A4.427,4.427 0,0 1,358.839 202.418M209.265,-16.488A4.232,4.232 0,0 0,205.039 -12.26L205.039,197.996a4.232,4.232 0,0 0,4.227 4.228L358.839,202.224a4.233,4.233 0,0 0,4.228 -4.228L363.067,-12.26A4.233,4.233 0,0 0,358.839 -16.488Z"
        android:fillColor="#ebebeb"/>
    <path
        android:pathData="M308.425,241.179v9.3L77.591,250.479v-9.3c0,-1.616 0.993,-2.92 2.416,-2.92h226c1.423,0 2.416,1.3 2.416,2.92"
        android:fillColor="#263238"/>
    <path
        android:pathData="M92.528,238.258L108.822,238.258L108.822,250.478L92.528,250.478Z"
        android:fillColor="#ceefe2"/>
    <path
        android:pathData="M123.759,238.258h15.615v12.22h-15.615z"
        android:fillColor="#ceefe2"/>
    <path
        android:pathData="M154.31,238.258h16.294v12.22h-16.294z"
        android:fillColor="#407bff"/>
    <path
        android:pathData="M185.541,238.258h15.615v12.22h-15.615z"
        android:fillColor="#407bff"/>
    <path
        android:pathData="M216.092,238.258h15.616v12.22h-15.616z"
        android:fillColor="#407bff"/>
    <path
        android:pathData="M246.644,238.258h16.294v12.22h-16.294z"
        android:fillColor="#d0efe3"/>
    <path
        android:pathData="M277.874,238.258h15.616v12.22h-15.616z"
        android:fillColor="#d0efe3"/>
    <path
        android:pathData="M191.309,196.392c15.539,0 28.136,15.2 28.136,33.948s-12.6,33.948 -28.136,33.948 -28.136,-15.2 -28.136,-33.948 12.6,-33.948 28.136,-33.948"
        android:fillColor="#2e353a"/>
    <path
        android:fillColor="#FF000000"
        android:pathData="M196.019,208.927c9.8,0 17.746,9.587 17.746,21.411s-7.945,21.412 -17.746,21.412S178.27,242.165 178.27,230.338s7.945,-21.411 17.746,-21.411"/>
    <path
        android:pathData="M200.093,221.138c4.082,0 7.391,3.993 7.391,8.918s-3.309,8.918 -7.391,8.918 -7.391,-3.992 -7.391,-8.918 3.309,-8.918 7.391,-8.918"
        android:fillColor="#407bff"/>
    <group>
      <clip-path
          android:pathData="M192.702,221.137h14.783v17.837h-14.783z"/>
      <path
          android:fillColor="#FF000000"
          android:pathData="M200.093,221.137c4.082,0 7.391,3.993 7.391,8.918s-3.309,8.918 -7.391,8.918 -7.391,-3.992 -7.391,-8.918 3.309,-8.918 7.391,-8.918"
          android:strokeAlpha="0.4"
          android:fillAlpha="0.4"/>
    </group>
    <path
        android:fillColor="#FF000000"
        android:pathData="M162.133,197.535l7.762,23.6 -3.882,1.665 -7,-20.744Z"/>
    <path
        android:pathData="M165.402,202.628l-5.538,4.45a0.793,0.793 0,1 1,-0.994 -1.237l5.537,-4.45a0.794,0.794 0,1 1,0.995 1.237"
        android:fillColor="#2e353a"/>
    <path
        android:pathData="M166.375,205.565l-5.538,4.45a0.793,0.793 0,1 1,-0.994 -1.237l5.538,-4.45a0.793,0.793 0,0 1,0.994 1.237"
        android:fillColor="#2e353a"/>
    <path
        android:pathData="M167.352,208.509l-5.538,4.45a0.793,0.793 0,1 1,-0.994 -1.237l5.537,-4.45a0.794,0.794 0,1 1,0.995 1.237"
        android:fillColor="#2e353a"/>
    <path
        android:pathData="M168.328,211.454l-5.538,4.45a0.793,0.793 0,1 1,-0.994 -1.237l5.538,-4.45a0.793,0.793 0,1 1,0.994 1.237"
        android:fillColor="#2e353a"/>
    <path
        android:pathData="M169.305,214.398l-5.538,4.45a0.793,0.793 0,1 1,-0.994 -1.237l5.538,-4.45a0.793,0.793 0,1 1,0.994 1.237"
        android:fillColor="#2e353a"/>
    <path
        android:pathData="M170.281,217.334l-5.538,4.45a0.793,0.793 0,1 1,-0.994 -1.237l5.538,-4.45a0.793,0.793 0,1 1,0.994 1.237"
        android:fillColor="#2e353a"/>
    <path
        android:pathData="M154.832,217.689l58.377,-2.467 3.382,3.826 -9.338,0.4 -5.177,11.764 -51.629,2.183Z"
        android:fillColor="#2e353a"/>
    <group>
      <clip-path
          android:pathData="M158.188,215.222h58.404v17.841h-58.404z"/>
      <path
          android:pathData="M162.572,217.362l50.637,-2.14 3.383,3.827 -9.339,0.394 -5.177,11.765 -43.889,1.854Z"
          android:strokeAlpha="0.1"
          android:fillColor="#fff"
          android:fillAlpha="0.1"/>
    </group>
    <path
        android:pathData="M137.863,234.546l-8.808,29.6h2.284l7.963,-23.365h7.175l3.04,23.365h2.147l-1.572,-29.83Z"
        android:fillColor="#2e353a"/>
    <path
        android:pathData="M92.905,187.956l-4.437,13.96 -9.98,31.423 -3.787,-2.345 9.666,-31.464 4.467,-14.549c1.208,0.822 2.579,1.817 4.071,2.975"
        android:fillColor="#407bff"/>
    <group>
      <clip-path
          android:pathData="M74.698,184.981h18.204v48.358h-18.204z"/>
      <path
          android:pathData="M92.905,187.956l-4.437,13.96 -9.98,31.423 -3.787,-2.345 9.666,-31.464 4.467,-14.549c1.208,0.822 2.579,1.817 4.071,2.975"
          android:strokeAlpha="0.6"
          android:fillColor="#fff"
          android:fillAlpha="0.6"/>
    </group>
    <path
        android:pathData="M105.158,153.885l-15.555,48.031L88.42,201.916c-2.183,-2.589 -4.061,-2.386 -4.061,-2.386l-0.782,-1.147 15.957,-46.45c0.071,0.031 3.411,-2.528 5.618,1.952"
        android:fillColor="#2e353a"/>
    <path
        android:pathData="M80.422,230.291c0,2.513 -1.427,4.549 -3.187,4.549s-3.188,-2.036 -3.188,-4.549 1.427,-4.549 3.188,-4.549 3.187,2.036 3.187,4.549"
        android:fillColor="#2e353a"/>
    <path
        android:fillColor="#FF000000"
        android:pathData="M202.834,179.716l13.943,15.193v1.308h-6.128A26.759,26.759 0,0 0,190.427 185.976Z"/>
    <path
        android:pathData="M129.055,191.722l9.634,36.9 10.214,9.536a1.188,1.188 0,0 0,1.188 1.188h6.972a1.188,1.188 0,0 0,1.188 -1.187L158.251,218.837a23.962,23.962 0,0 1,14 -21.792l29.52,-13.5 -2.145,-3.824 -49.491,3.214Z"
        android:fillColor="#2e353a"/>
    <group>
      <clip-path
          android:pathData="M129.055,179.716h72.71v59.629h-72.71z"/>
      <path
          android:pathData="M129.055,191.722l9.634,36.9 10.214,9.536a1.188,1.188 0,0 0,1.188 1.188h6.972a1.188,1.188 0,0 0,1.188 -1.187L158.251,218.837a23.962,23.962 0,0 1,14 -21.792l29.52,-13.5 -2.145,-3.824 -49.491,3.214Z"
          android:strokeAlpha="0.1"
          android:fillColor="#fff"
          android:fillAlpha="0.1"/>
    </group>
    <path
        android:pathData="M150.596,233.156L132.341,233.156a4.535,4.535 0,0 1,-4.535 -4.534L127.806,216.933a4.534,4.534 0,0 1,4.535 -4.534h18.256a4.533,4.533 0,0 1,4.534 4.534v11.689a4.534,4.534 0,0 1,-4.534 4.534"
        android:fillColor="#2e353a"/>
    <group>
      <clip-path
          android:pathData="M127.805,212.401h27.329v20.752h-27.329z"/>
      <path
          android:pathData="M155.134,216.933v11.689a4.539,4.539 0,0 1,-4.539 4.532L132.337,233.154a4.532,4.532 0,0 1,-4.532 -4.532L127.805,216.933a4.532,4.532 0,0 1,4.532 -4.532h18.258a4.539,4.539 0,0 1,4.539 4.532"
          android:strokeAlpha="0.2"
          android:fillColor="#fff"
          android:fillAlpha="0.2"/>
    </group>
    <group>
      <clip-path
          android:pathData="M138.688,212.401h16.445v20.752h-16.445z"/>
      <path
          android:pathData="M155.133,216.933v11.689a4.539,4.539 0,0 1,-4.539 4.532h-7.374a4.532,4.532 0,0 1,-4.532 -4.532L138.688,216.933a4.532,4.532 0,0 1,4.532 -4.532h7.374a4.539,4.539 0,0 1,4.539 4.532"
          android:strokeAlpha="0.2"
          android:fillColor="#fff"
          android:fillAlpha="0.2"/>
    </group>
    <path
        android:pathData="M101.235,165.939c3.657,-3.666 13.946,-6.878 27.889,0s19.613,15.579 16.549,20.039 -23.444,15.972 -36.928,9.756 -13.795,-23.5 -7.51,-29.8"
        android:fillColor="#3f6a5b"/>
    <path
        android:pathData="M161.874,184.261a4.462,4.462 0,0 1,-0.713 1.712c-3.068,4.462 -23.44,15.973 -36.926,9.76s-13.8,-23.5 -7.506,-29.8c3.656,-3.664 13.943,-6.879 27.886,0a55.16,55.16 0,0 1,8.931 5.43c6.174,4.686 8.993,9.5 8.327,12.9"
        android:fillColor="#32433d"/>
    <path
        android:pathData="M93.138,175.511h17.529a3.1,3.1 0,0 0,3.1 -3.1v-6.406c0,-1.72 -1.043,-4.783 -2.763,-4.783l-15.393,1.67Z"
        android:fillColor="#263238"/>
    <path
        android:pathData="M120.021,228.891h-6.411a4.8,4.8 0,0 1,-4.238 -2.528c-3.354,-6.286 -13.111,-22.4 -26.829,-26.36 -17.147,-4.954 9.319,-7.927 18.847,-1.084s18.631,29.972 18.631,29.972"
        android:fillColor="#263238"/>
    <group>
      <clip-path
          android:pathData="M76.895,194.91h43.126v33.98h-43.126z"/>
      <path
          android:fillColor="#FF000000"
          android:pathData="M120.021,228.891h-6.411a4.8,4.8 0,0 1,-4.238 -2.528c-3.354,-6.286 -13.111,-22.4 -26.829,-26.36 -17.147,-4.954 9.319,-7.927 18.847,-1.084s18.631,29.972 18.631,29.972"
          android:strokeAlpha="0.4"
          android:fillAlpha="0.4"/>
    </group>
    <path
        android:pathData="M82.544,199.013c14.939,0 27.05,14.612 27.05,32.637s-12.11,32.637 -27.05,32.637S55.492,249.676 55.492,231.65s12.11,-32.637 27.05,-32.637"
        android:fillColor="#2e353a"/>
    <path
        android:fillColor="#FF000000"
        android:pathData="M87.069,211.064c9.423,0 17.062,9.216 17.062,20.585s-7.639,20.586 -17.062,20.586 -17.061,-9.216 -17.061,-20.586S77.649,211.064 87.069,211.064"/>
    <path
        android:pathData="M90.988,222.803c3.925,0 7.106,3.839 7.106,8.574s-3.181,8.574 -7.106,8.574 -7.106,-3.839 -7.106,-8.574 3.181,-8.574 7.106,-8.574"
        android:fillColor="#3f6a5b"/>
    <path
        android:pathData="M60.69,211.221h3.008a11.533,11.533 0,0 0,6.916 -2.325c4.67,-3.5 14.543,-9.361 24.8,-5.961 11.877,3.938 19.94,19.513 22.238,24.446a2.608,2.608 0,0 0,2.373 1.508s-3.735,-30.5 -24.611,-38.8c-20.248,-8.042 -33.96,8.881 -36.916,18.118a2.3,2.3 0,0 0,2.2 3.009"
        android:fillColor="#32433d"/>
    <path
        android:pathData="M109.172,187.956l-4.437,13.96 -9.98,31.423 -3.787,-2.345 9.666,-31.464 4.467,-14.549c1.208,0.822 2.579,1.817 4.071,2.975"
        android:fillColor="#407bff"/>
    <group>
      <clip-path
          android:pathData="M90.966,184.981h18.204v48.358h-18.204z"/>
      <path
          android:pathData="M109.171,187.956l-4.437,13.96 -9.98,31.423 -3.787,-2.345 9.666,-31.464 4.467,-14.549c1.208,0.822 2.579,1.817 4.071,2.975"
          android:strokeAlpha="0.6"
          android:fillColor="#fff"
          android:fillAlpha="0.6"/>
    </group>
    <path
        android:pathData="M121.426,153.885l-15.555,48.031h-1.177c-2.183,-2.589 -4.061,-2.386 -4.061,-2.386l-0.782,-1.147 15.957,-46.45c0.071,0.031 3.411,-2.528 5.618,1.952"
        android:fillColor="#2e353a"/>
    <path
        android:pathData="M96.69,230.291c0,2.513 -1.427,4.549 -3.187,4.549s-3.188,-2.036 -3.188,-4.549 1.427,-4.549 3.188,-4.549 3.187,2.036 3.187,4.549"
        android:fillColor="#2e353a"/>
    <path
        android:pathData="M100.876,164.116s-1.8,11.316 -7.734,11.395c-5.564,0.074 -6.083,-10.55 -0.775,-12.183a12.761,12.761 0,0 1,8.508 0.789"
        android:fillColor="#407bff"/>
    <path
        android:pathData="M100.876,164.116s-1.8,11.316 -7.734,11.395c-5.564,0.074 -6.083,-10.55 -0.775,-12.183a12.761,12.761 0,0 1,8.508 0.789"
        android:fillColor="#263238"/>
    <path
        android:pathData="M89.035,169.315c-0.132,2.874 1.6,5.2 3.868,5.2s4.212,-2.329 4.344,-5.2 -1.6,-5.2 -3.868,-5.2 -4.212,2.329 -4.344,5.2"
        android:fillColor="#407bff"/>
    <group>
      <clip-path
          android:pathData="M89.029,164.116h8.226v10.406h-8.226z"/>
      <path
          android:pathData="M89.035,169.315c-0.132,2.874 1.6,5.2 3.868,5.2s4.212,-2.329 4.344,-5.2 -1.6,-5.2 -3.868,-5.2 -4.212,2.329 -4.344,5.2"
          android:strokeAlpha="0.7"
          android:fillColor="#fff"
          android:fillAlpha="0.7"/>
    </group>
    <path
        android:pathData="M94.152,170.676a1.844,1.844 0,1 1,-1.786 -2.3,2.094 2.094,0 0,1 1.786,2.3"
        android:fillColor="#fff"/>
    <path
        android:pathData="M95.662,167.683a0.922,0.922 0,1 1,-0.893 -1.151,1.047 1.047,0 0,1 0.893,1.151"
        android:fillColor="#fff"/>
    <path
        android:pathData="M110.282,164.116s-1.8,11.316 -7.734,11.395c-5.564,0.074 -6.083,-10.55 -0.775,-12.183a12.76,12.76 0,0 1,8.508 0.789"
        android:fillColor="#407bff"/>
    <path
        android:pathData="M110.282,164.116s-1.8,11.316 -7.734,11.395c-5.564,0.074 -6.083,-10.55 -0.775,-12.183a12.76,12.76 0,0 1,8.508 0.789"
        android:fillColor="#263238"/>
    <path
        android:pathData="M98.442,169.315c-0.132,2.874 1.6,5.2 3.868,5.2s4.212,-2.329 4.344,-5.2 -1.6,-5.2 -3.868,-5.2 -4.212,2.329 -4.344,5.2"
        android:fillColor="#407bff"/>
    <group>
      <clip-path
          android:pathData="M98.435,164.116h8.226v10.406h-8.226z"/>
      <path
          android:pathData="M98.442,169.315c-0.132,2.874 1.6,5.2 3.868,5.2s4.212,-2.329 4.344,-5.2 -1.6,-5.2 -3.868,-5.2 -4.212,2.329 -4.344,5.2"
          android:strokeAlpha="0.7"
          android:fillColor="#fff"
          android:fillAlpha="0.7"/>
    </group>
    <path
        android:pathData="M103.557,170.676a1.844,1.844 0,1 1,-1.786 -2.3,2.093 2.093,0 0,1 1.786,2.3"
        android:fillColor="#fff"/>
    <path
        android:pathData="M105.068,167.683a0.922,0.922 0,1 1,-0.893 -1.151,1.047 1.047,0 0,1 0.893,1.151"
        android:fillColor="#fff"/>
    <path
        android:pathData="M110.74,171.576h0a0.752,0.752 0,0 0,0.712 -0.51l5.211,-15.344a1.144,1.144 0,0 0,-1.082 -1.511L102.946,154.211a2.422,2.422 0,0 0,-1.923 0.95l-5.842,7.63h12.86a1.952,1.952 0,0 1,1.95 1.951v6.083a0.752,0.752 0,0 0,0.751 0.751"
        android:fillColor="#3f6a5b"/>
    <path
        android:pathData="M106.373,185.977L89.339,185.977a1.315,1.315 0,0 1,-1.3 -1.926l2.52,-6.614a3.192,3.192 0,0 1,2.766 -1.927L110.36,175.51a1.316,1.316 0,0 1,1.3 1.927l-2.521,6.614a3.193,3.193 0,0 1,-2.766 1.926"
        android:fillColor="#2e353a"/>
    <group>
      <clip-path
          android:pathData="M87.911,175.511h23.877v10.467h-23.877z"/>
      <path
          android:pathData="M106.373,185.978L89.339,185.978a1.315,1.315 0,0 1,-1.3 -1.926l2.52,-6.614a3.192,3.192 0,0 1,2.766 -1.927L110.36,175.511a1.316,1.316 0,0 1,1.3 1.927l-2.521,6.614a3.193,3.193 0,0 1,-2.766 1.926"
          android:strokeAlpha="0.2"
          android:fillColor="#fff"
          android:fillAlpha="0.2"/>
    </group>
    <group>
      <clip-path
          android:pathData="M139.302,213.84h10.828v17.875h-10.828z"/>
      <path
          android:pathData="M150.13,222.778c0,4.936 -2.424,8.938 -5.414,8.938s-5.414,-4 -5.414,-8.938 2.424,-8.938 5.414,-8.938 5.414,4 5.414,8.938"
          android:strokeAlpha="0.2"
          android:fillColor="#fff"
          android:fillAlpha="0.2"/>
    </group>
    <path
        android:pathData="M141.49,201.135l2.629,7.989a2.635,2.635 0,0 0,2.5 1.812h9.631a2.636,2.636 0,0 0,2.169 -1.139l6.677,-9.678a2.635,2.635 0,0 0,-0.568 -3.589l-4.934,-3.777a2.635,2.635 0,0 0,-2.818 -0.245c-2.691,1.4 -8.563,4.258 -13.3,5.222a2.635,2.635 0,0 0,-1.987 3.405"
        android:fillColor="#3f6a5b"/>
    <path
        android:pathData="M122.703,218.811l6.68,14.871a7.137,7.137 0,0 0,6.7 4.213c5.554,-0.146 14.049,0.142 14.049,0.142a8.62,8.62 0,0 0,1.532 -5L140.986,233.037a5.349,5.349 0,0 1,-5.061 -3.617L132.391,219.101Z"
        android:fillColor="#2e353a"/>
    <path
        android:pathData="M137.852,201.625l-0.031,0.434 -0.062,0.751 -0.163,1.968 -0.054,0.751 -0.163,1.968 -0.062,0.751 -0.155,1.968 -0.062,0.751 -0.155,1.968 -0.062,0.751 -0.194,2.409a3.273,3.273 0,0 1,-3.261 3.006L121.547,219.101a3.267,3.267 0,0 1,-3.16 -2.432l-0.782,-2.982 -0.2,-0.751 -0.519,-1.968 -0.194,-0.751 -0.519,-1.968 -0.2,-0.751 -0.519,-1.968 -0.194,-0.751 -0.519,-1.968 -0.2,-0.751 -0.457,-1.743a3.281,3.281 0,0 1,1.425 -3.6,3.3 3.3,0 0,1 1.735,-0.5h14.881a3.291,3.291 0,0 1,1.975 0.658l2.471,1.875a3.266,3.266 0,0 1,1.286 2.874"
        android:fillColor="#2e353a"/>
    <group>
      <clip-path
          android:pathData="M113.969,196.218h23.894v22.882h-23.894z"/>
      <path
          android:pathData="M137.852,201.625l-0.031,0.434 -0.062,0.751 -0.163,1.968 -0.054,0.751 -0.163,1.968 -0.062,0.751 -0.155,1.968 -0.062,0.751 -0.155,1.968 -0.062,0.751 -0.194,2.409a3.273,3.273 0,0 1,-3.261 3.006L121.547,219.101a3.267,3.267 0,0 1,-3.16 -2.432l-0.782,-2.982 -0.2,-0.751 -0.519,-1.968 -0.194,-0.751 -0.519,-1.968 -0.2,-0.751 -0.519,-1.968 -0.194,-0.751 -0.519,-1.968 -0.2,-0.751 -0.457,-1.743a3.281,3.281 0,0 1,1.425 -3.6,3.3 3.3,0 0,1 1.735,-0.5h14.881a3.291,3.291 0,0 1,1.975 0.658l2.471,1.875a3.266,3.266 0,0 1,1.286 2.874"
          android:strokeAlpha="0.2"
          android:fillColor="#fff"
          android:fillAlpha="0.2"/>
    </group>
    <group>
      <clip-path
          android:pathData="M124.814,196.218h13.049v22.882h-13.049z"/>
      <path
          android:pathData="M137.853,201.625l-0.031,0.434 -0.062,0.751 -0.163,1.968 -0.054,0.751 -0.163,1.968 -0.062,0.751 -0.155,1.968 -0.062,0.751 -0.155,1.968 -0.062,0.751 -0.194,2.409a3.274,3.274 0,0 1,-3.261 3.006h-1.038a3.273,3.273 0,0 1,-3.16 -2.432l-0.782,-2.982 -0.2,-0.751 -0.519,-1.968 -0.194,-0.751 -0.519,-1.968 -0.2,-0.751 -0.519,-1.968 -0.194,-0.751 -0.519,-1.968 -0.2,-0.751 -0.457,-1.743a3.28,3.28 0,0 1,1.425 -3.6,3.3 3.3,0 0,1 1.735,-0.5L132.123,196.217a3.291,3.291 0,0 1,1.975 0.658l2.471,1.875a3.266,3.266 0,0 1,1.286 2.874"
          android:strokeAlpha="0.2"
          android:fillColor="#fff"
          android:fillAlpha="0.2"/>
    </group>
    <group>
      <clip-path
          android:pathData="M114.536,202.058h23.285v0.751h-23.285z"/>
      <path
          android:fillColor="#FF000000"
          android:pathData="M137.822,202.058l-0.062,0.751L114.738,202.809l-0.2,-0.751Z"
          android:strokeAlpha="0.2"
          android:fillAlpha="0.2"/>
    </group>
    <group>
      <clip-path
          android:pathData="M115.256,204.777h22.34v0.751h-22.34z"/>
      <path
          android:fillColor="#FF000000"
          android:pathData="M137.597,204.777l-0.054,0.751L115.45,205.528l-0.194,-0.751Z"
          android:strokeAlpha="0.2"
          android:fillAlpha="0.2"/>
    </group>
    <group>
      <clip-path
          android:pathData="M115.97,207.496h21.41v0.751h-21.41z"/>
      <path
          android:fillColor="#FF000000"
          android:pathData="M137.38,207.493l-0.062,0.751L116.171,208.244l-0.2,-0.751Z"
          android:strokeAlpha="0.2"
          android:fillAlpha="0.2"/>
    </group>
    <group>
      <clip-path
          android:pathData="M116.689,210.215h20.474v0.751h-20.474z"/>
      <path
          android:fillColor="#FF000000"
          android:pathData="M137.163,210.215l-0.062,0.751L116.887,210.966l-0.194,-0.751Z"
          android:strokeAlpha="0.2"
          android:fillAlpha="0.2"/>
    </group>
    <group>
      <clip-path
          android:pathData="M117.402,212.934h19.544v0.751h-19.544z"/>
      <path
          android:fillColor="#FF000000"
          android:pathData="M136.946,212.934l-0.062,0.751h-19.28l-0.2,-0.751Z"
          android:strokeAlpha="0.2"
          android:fillAlpha="0.2"/>
    </group>
    <group>
      <clip-path
          android:pathData="M122.7,218.813h28.963v19.226h-28.963z"/>
      <path
          android:pathData="M151.663,233.035a8.766,8.766 0,0 1,-1.472 4.919l-0.062,0.085s-4.214,-0.139 -8.645,-0.178h-0.6c-0.86,-0.008 -1.727,-0.008 -2.564,0 -0.775,0 -1.534,0.008 -2.239,0.031a7.119,7.119 0,0 1,-6.693 -4.214l-6.685,-14.865 3.137,0.093 6.553,0.194 3.532,10.318a5.354,5.354 0,0 0,5.058 3.617Z"
          android:strokeAlpha="0.2"
          android:fillColor="#fff"
          android:fillAlpha="0.2"/>
    </group>
    <group>
      <clip-path
          android:pathData="M125.837,218.906h25.826v19.048h-25.826z"/>
      <path
          android:pathData="M151.663,233.035a8.766,8.766 0,0 1,-1.472 4.919c-2.347,-0.054 -5.7,-0.116 -8.707,-0.093h-0.6c-0.589,0.008 -1.162,0.015 -1.7,0.031a6.347,6.347 0,0 1,-0.86 -0.031,7.134 7.134,0 0,1 -5.833,-4.183l-6.646,-14.772 6.553,0.194 3.532,10.318a5.354,5.354 0,0 0,5.058 3.618Z"
          android:strokeAlpha="0.2"
          android:fillColor="#fff"
          android:fillAlpha="0.2"/>
    </group>
    <path
        android:pathData="M161.871,182.164l0.553,0.016a1.1,1.1 0,0 1,1.075 1.115c-0.011,1.07 -0.026,2.678 -0.026,3.614 0,2.071 3.817,5.989 4.583,6.213S204.523,182.064 204.523,182.064s0.614,-7.7 -2.758,-9.247 -22,0.106 -23.6,1.7 -6.972,5.195 -12.6,5.195c0,0 -3.7,0.989 -3.7,2.451"
        android:fillColor="#2e353a"/>
    <path
        android:pathData="M214.517,172.979l-15.663,15.221 -18.614,5.531 -0.565,-3.927 18.3,-12.967a1.536,1.536 0,0 0,0.519 -1.859l-0.349,-0.813a1.709,1.709 0,0 0,-1.58 -1.038L182.494,173.127s3.029,-1.046 5.632,-1.968 20.38,0 22.983,0a3.88,3.88 0,0 1,2.82 1.038,2.758 2.758,0 0,1 0.589,0.782"
        android:fillColor="#3f6a5b"/>
    <path
        android:pathData="M117.402,155.962s6.429,0.16 9.772,-7.044h5.322L132.496,151.237l15.028,4.729s0.306,2.512 -0.613,3.018l-16.394,-4.3h-4.339s-3.215,4.144 -6.96,4.342 -1.817,-3.063 -1.817,-3.063"
        android:fillColor="#2e353a"/>
    <path
        android:pathData="M128.167,152.744v3.473s7.134,1.328 9.7,4.085v0.919h0.927v-0.919s-0.74,-1.771 -7.452,-4.7v-2.86Z"
        android:fillColor="#2e353a"/>
    <path
        android:pathData="M101.021,155.16a14.722,14.722 0,0 1,-1.171 -5.684h-4.187l-0.893,2.146 -9.2,6.946s-0.633,2.247 2.339,1.94l8.182,-5.5 -0.43,1.689s-3.959,2.236 -5.084,3.841 1.019,1.361 1.019,1.361l0.1,-1.39s2.732,-2.669 5.554,-2.714Z"
        android:fillColor="#2e353a"/>
    <group>
      <clip-path
          android:pathData="M127.649,171.368h34.32v22.703h-34.32z"/>
      <path
          android:fillColor="#FF000000"
          android:pathData="M161.874,184.265c-2.975,5.926 -17.058,11.217 -23.085,9.466s-16.855,-10.651 -7.451,-14.013c7.514,-2.7 18.211,-6.809 22.208,-8.35 6.174,4.686 8.993,9.5 8.327,12.9"
          android:strokeAlpha="0.2"
          android:fillAlpha="0.2"/>
    </group>
    <group>
      <clip-path
          android:pathData="M182.494,170.749h31.433v6.088h-31.433z"/>
      <path
          android:fillColor="#FF000000"
          android:pathData="M198.497,174.978l-0.349,-0.813a1.711,1.711 0,0 0,-1.581 -1.038L182.493,173.127s3.03,-1.046 5.632,-1.968 20.38,0 22.982,0a3.884,3.884 0,0 1,2.82 1.038s-11.309,1.348 -15.949,4.64a1.538,1.538 0,0 0,0.519 -1.859"
          android:strokeAlpha="0.2"
          android:fillAlpha="0.2"/>
    </group>
    <path
        android:pathData="M158.25,232.829l14.25,-1.225s8.037,-2.846 9.994,-2.862 21.109,-0.868 21.109,-0.868 2.758,1.858 3.371,3.731 -2.435,5.821 -2.435,5.821 -30.436,1 -31.7,0.977A7.93,7.93 0,0 1,169.895 237.425l-11.645,-0.816Z"
        android:fillColor="#2e353a"/>
    <group>
      <clip-path
          android:pathData="M158.25,227.873h48.806v10.53h-48.806z"/>
      <path
          android:pathData="M158.25,232.829l14.25,-1.225s8.037,-2.846 9.994,-2.862 21.109,-0.868 21.109,-0.868 2.758,1.858 3.371,3.731 -2.435,5.821 -2.435,5.821 -30.436,1 -31.7,0.977A7.93,7.93 0,0 1,169.895 237.425l-11.645,-0.816Z"
          android:strokeAlpha="0.2"
          android:fillColor="#fff"
          android:fillAlpha="0.2"/>
    </group>
    <path
        android:fillColor="#FF000000"
        android:pathData="M207.043,264.287l5.645,-15.711h10.9l-0.614,15.711h-1.992l-0.919,-14.025h-5.193l-6.145,14.025Z"/>
    <path
        android:pathData="M251.481,240.732l-3.029,6.97a7.376,7.376 0,0 1,-6.766 4.438h-12.7a6.355,6.355 0,0 1,-4.493 -1.861L200.779,250.279a5.779,5.779 0,0 1,-4.69 -2.4l-3.136,-4.357Z"
        android:fillColor="#2e353a"/>
    <group>
      <clip-path
          android:pathData="M192.953,240.733h58.528v11.408h-58.528z"/>
      <path
          android:fillColor="#FF000000"
          android:pathData="M251.481,240.733l-3.029,6.97a7.376,7.376 0,0 1,-6.766 4.438h-12.7a6.355,6.355 0,0 1,-4.493 -1.861L200.779,250.28a5.779,5.779 0,0 1,-4.69 -2.4l-3.136,-4.357Z"
          android:strokeAlpha="0.4"
          android:fillAlpha="0.4"/>
    </group>
    <path
        android:pathData="M209.77,159.191s-0.048,0.162 -3.834,0.533 -8.9,2.4 -9.836,4.71"
        android:strokeLineJoin="round"
        android:strokeWidth="0.668"
        android:fillColor="#00000000"
        android:strokeColor="#263238"
        android:strokeLineCap="round"/>
    <path
        android:pathData="M177.945,159.191s1.9,-0.255 2.359,1.373 0.706,2.741 2.391,3.559"
        android:strokeLineJoin="round"
        android:strokeWidth="0.668"
        android:fillColor="#00000000"
        android:strokeColor="#263238"
        android:strokeLineCap="round"/>
    <path
        android:pathData="M293.496,234.546h-1.462v-2.243h2.925a2.686,2.686 0,0 1,-1.462 2.243"
        android:fillColor="#2e353a"/>
    <path
        android:pathData="M270.969,217.269c10.761,0 19.484,10.526 19.484,23.509s-8.723,23.509 -19.484,23.509 -19.484,-10.526 -19.484,-23.509 8.723,-23.509 19.484,-23.509"
        android:fillColor="#2e353a"/>
    <group>
      <clip-path
          android:pathData="M251.482,217.269h38.968v47.018h-38.968z"/>
      <path
          android:fillColor="#FF000000"
          android:pathData="M270.969,217.269c10.761,0 19.484,10.526 19.484,23.509s-8.723,23.509 -19.484,23.509 -19.484,-10.526 -19.484,-23.509 8.723,-23.509 19.484,-23.509"
          android:strokeAlpha="0.4"
          android:fillAlpha="0.4"/>
    </group>
    <path
        android:fillColor="#FF000000"
        android:pathData="M274.227,225.95c6.787,0 12.289,6.639 12.289,14.828s-5.5,14.828 -12.289,14.828 -12.289,-6.639 -12.289,-14.828 5.5,-14.828 12.289,-14.828"/>
    <path
        android:pathData="M277.05,234.405c2.827,0 5.119,2.765 5.119,6.176s-2.291,6.176 -5.119,6.176 -5.119,-2.765 -5.119,-6.176 2.291,-6.176 5.119,-6.176"
        android:fillColor="#3f6a5b"/>
    <path
        android:pathData="M291.603,228.732s2.2,4.766 0,8.531a50.23,50.23 0,0 1,-21.077 5.067c-11.5,0 3.459,-14.711 21.077,-13.6"
        android:fillColor="#2e353a"/>
    <group>
      <clip-path
          android:pathData="M266.489,228.674h26.092v13.658h-26.092z"/>
      <path
          android:pathData="M291.603,228.731s2.2,4.766 0,8.531a50.23,50.23 0,0 1,-21.077 5.067c-11.5,0 3.459,-14.711 21.077,-13.6"
          android:strokeAlpha="0.2"
          android:fillColor="#fff"
          android:fillAlpha="0.2"/>
    </group>
    <path
        android:pathData="M283.615,198.936s1.881,0.579 1.881,4.811c0,2.566 -2.6,5.16 -2.6,5.16s-4.195,-10.116 0.723,-9.971"
        android:fillColor="#263238"/>
    <group>
      <clip-path
          android:pathData="M281.228,198.933h4.271v9.972h-4.271z"/>
      <path
          android:pathData="M283.615,198.935s1.881,0.579 1.881,4.811c0,2.566 -2.6,5.16 -2.6,5.16s-4.195,-10.116 0.723,-9.971"
          android:strokeAlpha="0.7"
          android:fillColor="#fff"
          android:fillAlpha="0.7"/>
    </group>
    <path
        android:pathData="M275.176,197.773h9.313s1.44,2.468 -2.318,5.359 -6.995,-5.359 -6.995,-5.359"
        android:fillColor="#263238"/>
    <path
        android:pathData="M284.919,202.641c0,0.827 -0.259,1.5 -0.579,1.5s-0.579,-0.671 -0.579,-1.5 0.259,-1.5 0.579,-1.5 0.579,0.671 0.579,1.5"
        android:fillColor="#fff"/>
    <path
        android:pathData="M232.16,213.088c0,3.339 -13.328,27.089 -14.664,28.033s-18.727,-0.112 -18.727,-0.112l1.3,4.928h47.794l19.837,-38.534 -13.122,-18.938 -23.918,0.661s1.5,20.623 1.5,23.962"
        android:fillColor="#32433d"/>
    <path
        android:pathData="M162.41,205.268s15.54,11.916 22.977,36.427a6.807,6.807 0,0 0,6.5 4.862h22.987l-26.683,-43.4 -14.071,-5.852Z"
        android:fillColor="#3c6254"/>
    <path
        android:pathData="M162.41,205.268s15.54,11.916 22.977,36.427a6.807,6.807 0,0 0,6.5 4.862h22.987l-26.683,-43.4 -14.071,-5.852Z"
        android:fillColor="#3c6254"/>
    <path
        android:pathData="M294.487,226.432a1.873,1.873 0,0 1,-1.88 1.653h-3.378a2.205,2.205 0,0 0,-1.638 0.724l-10.107,11.146a4.383,4.383 0,0 1,-1.053 0.848,44.919 44.919,0 0,1 -21.984,5.755L207.218,246.558a5.035,5.035 0,0 1,-4.958 -4.629c-1.148,-13.647 -9.368,-23.68 -16.286,-29.831a64.74,64.74 0,0 0,-7.013 -5.412,10.387 10.387,0 0,0 -5.807,-1.7L162.286,204.986c-1.375,0 -2.348,-1.748 -1.923,-3.05 1.792,-5.441 5.112,-11.284 8.425,-16.308a140.444,140.444 0,0 1,9.653 -12.9h15.2a4.717,4.717 0,0 1,3.861 2.135,5.313 5.313,0 0,1 0.906,3.818 68.986,68.986 0,0 0,-0.2 18.89c2.179,18.546 10.429,35.41 14.736,43.089a8.91,8.91 0,0 0,7.613 4.652h11.818c8.637,-2.48 15.314,-26.657 15.314,-32.976 0,-6.676 -6.794,-22.861 -6.794,-22.861h33.853v8.044c0.621,0.073 0.315,0.153 0.512,0.249 12.966,5.207 17.493,18.5 19.1,26.247a7.916,7.916 0,0 1,0.124 2.413"
        android:fillColor="#32433d"/>
    <group>
      <clip-path
          android:pathData="M160.523,167.683h115.922v73.827h-115.922z"/>
      <path
          android:pathData="M275.521,197.919c-0.2,-0.1 0.11,-0.176 -0.512,-0.249v-8.044L241.157,189.626s6.793,16.184 6.793,22.861c0,6.319 -6.676,30.5 -15.314,32.975L220.818,245.462a8.911,8.911 0,0 1,-7.613 -4.651c-4.308,-7.679 -12.557,-24.543 -14.736,-43.09a69.018,69.018 0,0 1,0.205 -18.89,5.307 5.307,0 0,0 -0.907,-3.817 4.716,4.716 0,0 0,-3.861 -2.136h-15.2a140.437,140.437 0,0 0,-9.653 12.9c-3.312,5.024 -6.633,10.867 -8.425,16.308 -0.424,1.3 0.548,3.05 1.923,3.05h10.868a10.383,10.383 0,0 1,5.807 1.7,64.61 64.61,0 0,1 7.013,5.411c6.918,6.151 15.138,16.184 16.286,29.831a5.033,5.033 0,0 0,4.958 4.629h39.308L246.791,231.742a29.839,29.839 0,0 1,2.809 -12.645l5.594,-11.972a15.9,15.9 0,0 1,14.407 -9.171h5.236l0.6,-0.036c1.3,0.524 1.362,0.512 0.087,0"
          android:strokeAlpha="0.322"
          android:fillColor="#fff"
          android:fillAlpha="0.322"/>
    </group>
    <path
        android:pathData="M186.667,167.694h4.332a5,5 0,0 0,3.135 -1.11L203.06,159.357a1.987,1.987 0,0 1,1.249 -0.442L221.46,158.915a1.241,1.241 0,1 0,0 -2.482L204.31,156.433a4.479,4.479 0,0 0,-2.81 0.995l-8.928,7.227a2.511,2.511 0,0 1,-1.574 0.557h-4.332a2.512,2.512 0,0 1,-2.476 -2.15l-0.4,-2.789a4.487,4.487 0,0 0,-4.422 -3.84h-3.266a1.241,1.241 0,1 0,0 2.482h3.266a2,2 0,0 1,1.965 1.706l0.4,2.789a5.006,5.006 0,0 0,4.934 4.284"
        android:fillColor="#2e353a"/>
    <path
        android:pathData="M197.521,171.019l-1.938,3.116L177.565,174.135l-1.413,-2.662a2.262,2.262 0,0 1,0.381 -2.655l5.353,-5.477a3.065,3.065 0,0 1,1.089 -0.717,2.945 2.945,0 0,1 1.068,-0.2h10.267s-0.051,2.933 2.693,2.75l0.9,3.174a3.321,3.321 0,0 1,-0.38 2.669"
        android:fillColor="#263238"/>
    <group>
      <clip-path
          android:pathData="M181.79,162.427h11.204v3.942h-11.204z"/>
      <path
          android:pathData="M187.524,166.369l-5.734,-0.2 0.782,-3.349a2.847,2.847 0,0 1,0.4 -0.191,2.938 2.938,0 0,1 1.067,-0.2h8.952Z"
          android:strokeAlpha="0.4"
          android:fillColor="#fff"
          android:fillAlpha="0.4"/>
    </group>
    <path
        android:pathData="M227.598,188.623v2.331a3.568,3.568 0,0 0,3.85 3.488h41.956a3.544,3.544 0,0 0,3.827 -3.488v-2.331a3.544,3.544 0,0 0,-3.827 -3.487L231.448,185.136a3.568,3.568 0,0 0,-3.85 3.487"
        android:fillColor="#2e353a"/>
    <group>
      <clip-path
          android:pathData="M241.247,185.137h35.984v9.306h-35.984z"/>
      <path
          android:pathData="M241.247,188.623v2.331a3.332,3.332 0,0 0,3.571 3.488h28.586a3.544,3.544 0,0 0,3.827 -3.488v-2.331a3.544,3.544 0,0 0,-3.827 -3.487L244.818,185.136a3.332,3.332 0,0 0,-3.571 3.487"
          android:strokeAlpha="0.1"
          android:fillColor="#fff"
          android:fillAlpha="0.1"/>
    </group>
    <path
        android:pathData="M204.771,156.842l6.721,-8.789l0.986,0.754l-6.721,8.789z"
        android:fillColor="#2e353a"/>
    <path
        android:pathData="M215.531,146.982h-3.164a1.676,1.676 0,0 0,-1.542 1.016l-0.424,0.989a1.676,1.676 0,0 0,1.541 2.337h3.448a1.677,1.677 0,0 0,1.66 -1.439l0.141,-0.989a1.677,1.677 0,0 0,-1.66 -1.914"
        android:fillColor="#263238"/>
    <path
        android:pathData="M178.703,149.695l1.214,-0.255l1.654,7.861l-1.214,0.255z"
        android:fillColor="#2e353a"/>
    <path
        android:pathData="M175.599,146.982h3.405a1.386,1.386 0,0 1,1.371 1.19l0.225,1.572a1.386,1.386 0,0 1,-1.372 1.581h-3.4a1.386,1.386 0,0 1,-1.372 -1.189l-0.224,-1.572a1.385,1.385 0,0 1,1.371 -1.581"
        android:fillColor="#263238"/>
    <group>
      <clip-path
          android:pathData="M160.262,174.866h38.211v37.232h-38.211z"/>
      <path
          android:pathData="M197.945,182.406a68.673,68.673 0,0 0,-0.124 11.036c0.094,1.389 0.226,2.764 0.387,4.132L192.75,207.997a7.649,7.649 0,0 1,-6.776 4.1l-0.072,-0.031c-0.27,-0.275 -0.561,-0.525 -0.827,-0.752a65.439,65.439 0,0 0,-5.948 -4.518,10.708 10.708,0 0,0 -5.972,-1.807L162.286,204.989c-1.375,0 -2.348,-1.748 -1.923,-3.05 1.792,-5.441 5.112,-11.284 8.425,-16.309a97.045,97.045 0,0 1,-1.324 17.5h5.222s9.529,-13.5 17.632,-16.1l7.189,-12.162a5.313,5.313 0,0 1,0.906 3.818c-0.2,1.236 -0.351,2.479 -0.468,3.722"
          android:fillColor="#3c6254"/>
    </group>
    <path
        android:pathData="M167.463,189.36a29.908,29.908 0,0 1,-1.411 11.4h-4.477s2.9,-7.909 5.888,-11.4"
        android:fillColor="#407bff"/>
    <group>
      <clip-path
          android:pathData="M161.575,189.36h5.961v11.402h-5.961z"/>
      <path
          android:pathData="M167.463,189.36a29.908,29.908 0,0 1,-1.411 11.4h-4.477s2.9,-7.909 5.888,-11.4"
          android:strokeAlpha="0.7"
          android:fillColor="#fff"
          android:fillAlpha="0.7"/>
    </group>
    <path
        android:pathData="M188.643,189.36c0.15,-0.089 -4.5,12.227 -4.5,12.227h-6.81A30.7,30.7 0,0 1,188.643 189.36"
        android:fillColor="#407bff"/>
    <group>
      <clip-path
          android:pathData="M177.331,189.36h11.314v12.227h-11.314z"/>
      <path
          android:pathData="M188.643,189.36c0.15,-0.089 -4.5,12.227 -4.5,12.227h-6.81A30.7,30.7 0,0 1,188.643 189.36"
          android:strokeAlpha="0.7"
          android:fillColor="#fff"
          android:fillAlpha="0.7"/>
    </group>
    <path
        android:pathData="M184.598,198.223c0,1.527 -0.961,2.765 -2.146,2.765s-2.147,-1.239 -2.147,-2.765 0.961,-2.765 2.147,-2.765 2.146,1.238 2.146,2.765"
        android:fillColor="#fff"/>
    <path
        android:pathData="M166.573,197.3c0,1.528 -0.676,2.765 -1.512,2.765s-1.51,-1.238 -1.51,-2.765 0.676,-2.765 1.51,-2.765 1.512,1.239 1.512,2.765"
        android:fillColor="#fff"/>
    <path
        android:pathData="M186.578,194.059a1.084,1.084 0,1 1,-1.05 -1.353,1.231 1.231,0 0,1 1.05,1.353"
        android:fillColor="#fff"/>
    <path
        android:pathData="M167.135,193.35c0,0.747 -0.322,1.353 -0.719,1.353s-0.72,-0.606 -0.72,-1.353 0.322,-1.352 0.72,-1.352 0.719,0.606 0.719,1.352"
        android:fillColor="#fff"/>
    <path
        android:pathData="M187.925,174.816s-3.22,20.27 -13.853,20.411c-9.966,0.132 -10.9,-18.9 -1.387,-21.824 7.681,-2.364 15.24,1.413 15.24,1.413"
        android:fillColor="#407bff"/>
    <path
        android:pathData="M187.925,174.816s-3.22,20.27 -13.853,20.411c-9.966,0.132 -10.9,-18.9 -1.387,-21.824 7.681,-2.364 15.24,1.413 15.24,1.413"
        android:fillColor="#263238"/>
    <path
        android:pathData="M166.72,184.136c-0.236,5.147 2.866,9.32 6.927,9.32s7.546,-4.172 7.781,-9.32 -2.865,-9.319 -6.927,-9.319 -7.546,4.172 -7.781,9.319"
        android:fillColor="#d2f0e4"/>
    <path
        android:pathData="M175.883,186.567c0,2.277 -1.433,4.122 -3.2,4.122s-3.2,-1.846 -3.2,-4.122 1.432,-4.123 3.2,-4.123 3.2,1.846 3.2,4.123"
        android:fillColor="#fff"/>
    <path
        android:pathData="M178.59,181.206a1.652,1.652 0,1 1,-1.6 -2.061,1.875 1.875,0 0,1 1.6,2.061"
        android:fillColor="#fff"/>
    <path
        android:pathData="M293.939,222.165h-3.166a1.007,1.007 0,0 0,-1.007 1.006v1.773a1.007,1.007 0,0 0,1.007 1.006L294.531,225.95a4.785,4.785 0,0 0,-0.591 -3.786"
        android:fillColor="#407bff"/>
    <group>
      <clip-path
          android:pathData="M289.766,222.164h4.921v3.786h-4.921z"/>
      <path
          android:pathData="M293.939,222.164h-3.166a1.007,1.007 0,0 0,-1.007 1.006v1.773a1.007,1.007 0,0 0,1.007 1.006L294.531,225.949a4.785,4.785 0,0 0,-0.591 -3.786"
          android:strokeAlpha="0.7"
          android:fillColor="#fff"
          android:fillAlpha="0.7"/>
    </group>
    <path
        android:pathData="M212.478,156.434s-0.1,-0.607 -1.695,-0.607 -2.159,2.315 -2.159,2.315l0.641,1.953h2.17l1.043,-0.371s3.947,1.023 4.308,1.673 0.925,0.8 0.752,0 -4.441,-2.513 -4.441,-2.513Z"
        android:fillColor="#2e353a"/>
    <path
        android:pathData="M180.614,156.613a1.375,1.375 0,0 0,-1.246 -0.785,1.309 1.309,0 0,0 -1.494,1.238 7.974,7.974 0,0 0,0 1.438l-0.883,0.688s-2.69,1.271 -2.916,1.449 -0.339,0.9 0.139,0.829a10.81,10.81 0,0 0,2.069 -1.23,6.267 6.267,0 0,1 2.308,-0.586l1.63,-1Z"
        android:fillColor="#2e353a"/>
    <path
        android:pathData="M167.787,205.348l-10.736,34.96 2.73,1.686 10.776,-33.93Z"
        android:fillColor="#407bff"/>
    <group>
      <clip-path
          android:pathData="M157.051,205.348h13.505v36.647h-13.505z"/>
      <path
          android:pathData="M167.787,205.348l-10.736,34.96 2.73,1.686 10.776,-33.93Z"
          android:strokeAlpha="0.6"
          android:fillColor="#fff"
          android:fillAlpha="0.6"/>
    </group>
    <path
        android:pathData="M172.26,204.99 L167.782,219.361h-0.848c-1.572,-1.865 -2.926,-1.719 -2.926,-1.719l-0.562,-0.827 3.393,-11.825Z"
        android:fillColor="#2e353a"/>
    <path
        android:pathData="M161.172,239.799c0,1.81 -1.028,3.277 -2.3,3.277s-2.3,-1.467 -2.3,-3.277 1.027,-3.277 2.3,-3.277 2.3,1.467 2.3,3.277"
        android:fillColor="#2e353a"/>
    <path
        android:pathData="M163.415,217.269c10.761,0 19.484,10.526 19.484,23.509s-8.723,23.509 -19.484,23.509 -19.484,-10.526 -19.484,-23.509 8.723,-23.509 19.484,-23.509"
        android:fillColor="#2e353a"/>
    <group>
      <clip-path
          android:pathData="M143.93,217.269h38.969v47.018h-38.969z"/>
      <path
          android:fillColor="#FF000000"
          android:pathData="M163.415,217.269c10.761,0 19.484,10.526 19.484,23.509s-8.723,23.509 -19.484,23.509 -19.484,-10.526 -19.484,-23.509 8.723,-23.509 19.484,-23.509"
          android:strokeAlpha="0.4"
          android:fillAlpha="0.4"/>
    </group>
    <path
        android:pathData="M190.41,238.79h-4.618a3.458,3.458 0,0 1,-3.052 -1.821c-2.415,-4.528 -9.443,-16.132 -19.325,-18.988 -12.351,-3.568 6.713,-5.709 13.576,-0.781s13.42,21.59 13.42,21.59"
        android:fillColor="#263238"/>
    <group>
      <clip-path
          android:pathData="M159.346,214.314h31.064v24.476h-31.064z"/>
      <path
          android:fillColor="#FF000000"
          android:pathData="M190.41,238.79h-4.618a3.458,3.458 0,0 1,-3.052 -1.821c-2.415,-4.528 -9.443,-16.132 -19.325,-18.988 -12.351,-3.568 6.713,-5.709 13.576,-0.781s13.42,21.59 13.42,21.59"
          android:strokeAlpha="0.4"
          android:fillAlpha="0.4"/>
    </group>
    <path
        android:fillColor="#FF000000"
        android:pathData="M166.676,225.95c6.787,0 12.289,6.639 12.289,14.828s-5.5,14.828 -12.289,14.828 -12.289,-6.639 -12.289,-14.828 5.5,-14.828 12.289,-14.828"/>
    <path
        android:pathData="M169.499,234.405c2.827,0 5.119,2.765 5.119,6.176s-2.291,6.176 -5.119,6.176 -5.119,-2.765 -5.119,-6.176 2.291,-6.176 5.119,-6.176"
        android:fillColor="#3f6a5b"/>
    <path
        android:pathData="M147.674,226.061h2.167a8.31,8.31 0,0 0,4.982 -1.675c3.364,-2.519 10.475,-6.743 17.862,-4.294 8.555,2.837 14.363,14.056 16.018,17.61a1.879,1.879 0,0 0,1.71 1.086s-2.69,-21.973 -17.727,-27.945c-14.585,-5.793 -24.462,6.4 -26.591,13.051a1.66,1.66 0,0 0,1.581 2.167"
        android:fillColor="#3f6a5b"/>
    <path
        android:pathData="M182.595,209.305l-3.2,10.055L172.209,241.991l-2.728,-1.689 6.962,-22.663 3.219,-10.48c0.87,0.593 1.858,1.309 2.933,2.143"
        android:fillColor="#407bff"/>
    <group>
      <clip-path
          android:pathData="M169.482,207.162h13.113v34.833h-13.113z"/>
      <path
          android:pathData="M182.595,209.305l-3.2,10.055L172.209,241.991l-2.728,-1.689 6.962,-22.663 3.219,-10.48c0.87,0.593 1.858,1.309 2.933,2.143"
          android:strokeAlpha="0.6"
          android:fillColor="#fff"
          android:fillAlpha="0.6"/>
    </group>
    <path
        android:pathData="M183.201,209.78l-2.984,9.581L179.365,219.361c-1.572,-1.865 -2.925,-1.719 -2.925,-1.719l-0.564,-0.827 2.933,-10.217a1.4,1.4 0,0 1,0.146 0.088c0.227,0.146 0.461,0.307 0.7,0.475 0.871,0.593 1.858,1.309 2.933,2.143l0.607,0.476"
        android:fillColor="#2e353a"/>
    <path
        android:pathData="M173.605,239.799c0,1.81 -1.028,3.277 -2.3,3.277s-2.3,-1.467 -2.3,-3.277 1.027,-3.277 2.3,-3.277 2.3,1.467 2.3,3.277"
        android:fillColor="#2e353a"/>
    <group>
      <clip-path
          android:pathData="M246.527,197.772h48.001v48.787h-48.001z"/>
      <path
          android:pathData="M294.487,226.432a1.873,1.873 0,0 1,-1.88 1.653h-3.378a2.205,2.205 0,0 0,-1.638 0.723l-10.107,11.146a4.384,4.384 0,0 1,-1.053 0.848,44.919 44.919,0 0,1 -21.984,5.755h-7.92L246.527,231.595a29.839,29.839 0,0 1,2.808 -12.644l5.594,-11.972a15.9,15.9 0,0 1,14.407 -9.171h5.237l0.6,-0.036a27.785,27.785 0,0 1,12.337 9.873c0.308,0.424 0.6,0.856 0.885,1.287a36.337,36.337 0,0 1,2.464 4.453,40.382 40.382,0 0,1 1.6,3.883 49.429,49.429 0,0 1,1.9 6.751,7.917 7.917,0 0,1 0.124,2.413"
          android:strokeAlpha="0.5"
          android:fillColor="#fff"
          android:fillAlpha="0.5"/>
    </group>
    <path
        android:pathData="M245.356,166.628a3.013,3.013 0,0 0,-0.428 0.9q-0.178,0.619 -0.335,1.243c-0.937,3.705 -1.59,7.98 -0.215,11.66 0.572,1.534 1.916,3.755 3.613,4.261 1.266,0.378 3.114,0.1 4.443,0.136l4.728,0.143a2.073,2.073 0,0 0,0.913 -0.11,2.019 2.019,0 0,0 0.73,-0.685 41.423,41.423 0,0 0,2.389 -3.538,11.838 11.838,0 0,0 1.716,-4.071 9.681,9.681 0,0 0,-0.806 -5.258,9.814 9.814,0 0,0 -4.527,-5.245 10.7,10.7 0,0 0,-1.789 -0.635c-2.568,-0.706 -8.564,-1.477 -10.432,1.194"
        android:fillColor="#32433d"/>
    <path
        android:pathData="M257.097,178.711a2.4,2.4 0,0 1,2.786 -1.931c1.67,0.349 2.136,3.893 -2.144,4.315 -0.614,0.061 -0.9,-0.561 -0.641,-2.384"
        android:fillColor="#e4897b"/>
    <path
        android:pathData="M260.41,165.192s-7.463,-2.9 -13.437,0.579 8.4,6.213 8.4,6.213l-3.188,-2.524s4.183,2.384 6.291,2.215Z"
        android:fillColor="#263238"/>
    <path
        android:pathData="M244.514,180.962a3.951,3.951 0,0 0,2.927 3.081c3.438,0.81 9.006,-1.948 9.006,-1.948l0.29,1.556s-5.5,2.43 -9.278,1.594c-2.012,-0.445 -3.48,-2.96 -2.945,-4.283"
        android:fillColor="#263238"/>
    <path
        android:pathData="M248.762,185.409l-0.2,-1.224a7.649,7.649 0,0 0,-1.721 -0.776,2.358 2.358,0 0,0 -1.112,-0.022 1.718,1.718 0,0 0,0.916 1.676,4.742 4.742,0 0,0 2.12,0.345"
        android:fillColor="#263238"/>
    <group>
      <clip-path
          android:pathData="M245.722,183.335h3.04v2.085h-3.04z"/>
      <path
          android:pathData="M248.762,185.409l-0.2,-1.224a7.649,7.649 0,0 0,-1.721 -0.776,2.358 2.358,0 0,0 -1.112,-0.022 1.718,1.718 0,0 0,0.916 1.676,4.742 4.742,0 0,0 2.12,0.345"
          android:strokeAlpha="0.5"
          android:fillColor="#fff"
          android:fillAlpha="0.5"/>
    </group>
    <path
        android:pathData="M265.757,181.249c-2.628,3.764 -7.027,5.952 -9.442,3.147s1.026,-13.285 1.026,-13.285a23.307,23.307 0,0 0,-12.348 -2.877c0.469,-4.159 5.845,-8.459 15.249,-4.784a10.985,10.985 0,0 1,6.388 5.924,8.9 8.9,0 0,1 0.328,0.855 10.811,10.811 0,0 1,0.458 1.789,12.514 12.514,0 0,1 0.2,2.064 12.693,12.693 0,0 1,-1.858 7.165"
        android:fillColor="#3f6a5b"/>
    <path
        android:pathData="M245.243,166.544a23.1,23.1 0,0 1,13.249 2.66,22.842 22.842,0 0,1 0.847,3.62c0,0.843 -16.72,-2.7 -17.555,-3.8s2.407,-1.023 2.407,-1.023Z"
        android:fillColor="#263238"/>
    <group>
      <clip-path
          android:pathData="M97.276,161.897h49.2v35.637h-49.2z"/>
      <path
          android:pathData="M101.235,165.938c3.657,-3.666 13.946,-6.878 27.889,0s19.613,15.579 16.549,20.039 -23.444,15.972 -36.928,9.756 -13.795,-23.5 -7.51,-29.8"
          android:strokeAlpha="0.2"
          android:fillColor="#32433d"
          android:fillAlpha="0.2"/>
    </group>
  </group>
</vector>
