<?xml version="1.0" encoding="utf-8"?>
<layer-list xmlns:android="http://schemas.android.com/apk/res/android">

    <item android:top="15dp">
        <rotate
            android:fromDegrees="-30"
            android:pivotX="0%"
            android:pivotY="100%"
            android:toDegrees="0" >
            <shape android:shape="rectangle" >
                <solid android:color="@color/selected" />
            </shape>
        </rotate>
    </item>


    <item android:bottom="5dp">
        <shape android:shape="rectangle" >
            <solid android:color="@color/selected" />
            <corners android:radius="4dp" />
        </shape>
    </item>


</layer-list>