<vector xmlns:android="http://schemas.android.com/apk/res/android"
    android:width="83.026dp"
    android:height="102.101dp"
    android:viewportWidth="83.026"
    android:viewportHeight="102.101">
  <group>
    <clip-path
        android:pathData="M-62.451,-202.797h57.588v2.403L-62.451,-200.394z"/>
    <path
        android:pathData="M83.026,83.809c0,0.663 -12.891,1.2 -28.794,1.2s-28.794,-0.538 -28.794,-1.2 12.891,-1.2 28.794,-1.2 28.794,0.538 28.794,1.2"
        android:strokeAlpha="0.4"
        android:fillColor="#b0d5e3"
        android:fillAlpha="0.4"/>
  </group>
  <path
      android:pathData="M54.781,0.001a2.89,2.89 0,0 0,-2.89 2.89v3.7h5.779v-3.7A2.89,2.89 0,0 0,54.781 0.001m0,4.548a1.621,1.621 0,1 1,1.621 -1.621,1.621 1.621,0 0,1 -1.621,1.621"
      android:fillColor="#263238"/>
  <group>
    <clip-path
        android:pathData="M-127.39,-0.276h5.779v6.48L-127.39,6.204z"/>
    <path
        android:pathData="M56.402,2.924a1.584,1.584 0,0 0,-1.865 -1.6,1.189 1.189,0 0,1 0.658,-0.157 1.621,1.621 0,0 1,1.621 1.621,1.315 1.315,0 0,1 -1.04,1.412 1.772,1.772 0,0 0,0.626 -1.28m-3.628,3.3L52.774,2.524a2.82,2.82 0,0 1,1.215 -2.411,2.889 2.889,0 0,0 -2.1,2.777v3.7h5.779L57.668,6.224z"
        android:strokeAlpha="0.45"
        android:fillColor="#983f46"
        android:fillAlpha="0.45"/>
  </group>
  <path
      android:pathData="M78.646,83.795L29.817,83.795a2.82,2.82 0,0 1,-2.82 -2.82L26.997,9.606a2.819,2.819 0,0 1,2.82 -2.819h48.826a2.82,2.82 0,0 1,2.82 2.819v71.37a2.82,2.82 0,0 1,-2.82 2.82"
      android:fillColor="#496e60"/>
  <path
      android:pathData="M30.157,9.808h48.152v70.968L30.157,80.776z"
      android:fillColor="#ceeafc"/>
  <path
      android:pathData="M32.008,11.976h44.449v66.632L32.008,78.608z"
      android:fillColor="#fff"/>
  <path
      android:pathData="M71.751,8.062v2.894h-35.037v-2.894a1.989,1.989 0,0 1,0.093 -0.6,2.033 2.033,0 0,1 1.939,-1.427h30.973a2.031,2.031 0,0 1,2.032 2.032"
      android:fillColor="#263238"/>
  <group>
    <clip-path
        android:pathData="M-90.129,-14.804h35.037v4.926L-90.129,-9.878z"/>
    <path
        android:pathData="M71.751,10.233v0.724h-35.037v-2.1a9.013,9.013 0,0 1,0.093 -1.4,2.033 2.033,0 0,1 1.939,-1.427h0.249a3.024,3.024 0,0 0,-0.926 2.107v2.1z"
        android:strokeAlpha="0.45"
        android:fillColor="#263238"
        android:fillAlpha="0.45"/>
  </group>
  <path
      android:pathData="M35.649,20.179L39.251,20.179A1,1 0,0 1,40.251 21.179L40.251,24.781A1,1 0,0 1,39.251 25.781L35.649,25.781A1,1 0,0 1,34.649 24.781L34.649,21.179A1,1 0,0 1,35.649 20.179z"
      android:strokeWidth=".5"
      android:fillColor="#00000000"
      android:strokeColor="#263238"/>
  <path
      android:pathData="m35.334,21.994 l2.112,2.55 4.063,-6.411"
      android:strokeLineJoin="round"
      android:strokeWidth=".5"
      android:fillColor="#00000000"
      android:strokeColor="#2bb780"
      android:strokeLineCap="round"/>
  <path
      android:pathData="M36.289,40.85L39.891,40.85A1,1 0,0 1,40.891 41.85L40.891,45.453A1,1 0,0 1,39.891 46.453L36.289,46.453A1,1 0,0 1,35.289 45.453L35.289,41.85A1,1 0,0 1,36.289 40.85z"
      android:strokeWidth=".5"
      android:fillColor="#00000000"
      android:strokeColor="#263238"/>
  <path
      android:pathData="m35.974,42.548 l2.112,2.55 4.063,-6.411"
      android:strokeLineJoin="round"
      android:strokeWidth=".5"
      android:fillColor="#00000000"
      android:strokeColor="#2bb780"
      android:strokeLineCap="round"/>
  <path
      android:pathData="M36.289,60.937L39.891,60.937A1,1 0,0 1,40.891 61.937L40.891,65.54A1,1 0,0 1,39.891 66.54L36.289,66.54A1,1 0,0 1,35.289 65.54L35.289,61.937A1,1 0,0 1,36.289 60.937z"
      android:strokeWidth=".5"
      android:fillColor="#00000000"
      android:strokeColor="#263238"/>
  <path
      android:pathData="m35.974,62.636 l2.112,2.55 4.063,-6.411"
      android:strokeLineJoin="round"
      android:strokeWidth=".5"
      android:fillColor="#00000000"
      android:strokeColor="#2bb780"
      android:strokeLineCap="round"/>
  <path
      android:pathData="M3.7,31.192s-3.435,6.02 -3.689,7.462 2.929,10.666 2.929,10.666 -0.7,2.428 0.064,2.836 2.1,1.235 2.289,0.535a15.269,15.269 0,0 0,0 -3.007l-0.573,-0.491s-2.027,-9.637 -2.03,-9.971 3.692,-6.017 3.692,-6.017z"
      android:fillColor="#e4897b"/>
  <path
      android:pathData="m6.781,34.361 l-0.133,0.185 -2.211,3.065 -0.278,0.385 -3.447,-2.926s1.832,-4.567 3.968,-5.751l1.494,3.586 0.356,0.854z"
      android:fillColor="#4a6e61"/>
  <group>
    <clip-path
        android:pathData="M-10.8,-80.425h2.248v4.851L-10.8,-75.574z"/>
    <path
        android:fillColor="#FF000000"
        android:pathData="m6.648,34.547 l-2.211,3.065a5.014,5.014 0,0 1,1.737 -4.706,2.031 2.031,0 0,1 0.208,-0.145l0.148,1z"
        android:strokeAlpha="0.2"
        android:fillAlpha="0.2"/>
  </group>
  <path
      android:pathData="m16.59,99.944 l2.347,0.246 0.119,-1.36 0.321,-3.7 -2.347,-0.249 -0.356,4.09z"
      android:fillColor="#e4897b"/>
  <path
      android:pathData="M4.874,99.647h2.275l0.02,-0.515v-0.064l0.116,-3.3v-0.067l0.046,-1.265h-2.272z"
      android:fillColor="#e4897b"/>
  <group>
    <clip-path
        android:pathData="M-40.934,-232.923h2.703v4.09L-40.934,-228.833z"/>
    <path
        android:fillColor="#FF000000"
        android:pathData="m17.03,94.877 l-0.356,4.09 2.382,-0.139 0.321,-3.7z"
        android:strokeAlpha="0.2"
        android:fillAlpha="0.2"/>
  </group>
  <group>
    <clip-path
        android:pathData="M-12,-235.389h2.402v3.473L-12,-231.916z"/>
    <path
        android:fillColor="#FF000000"
        android:pathData="m4.888,99.357 l2.278,-0.289 0.119,-3.184 -2.281,0.182 -0.116,3.191z"
        android:strokeAlpha="0.2"
        android:fillAlpha="0.2"/>
  </group>
  <path
      android:pathData="M7.465,99.51h-2.765a0.2,0.2 0,0 0,-0.194 0.156L4.058,101.692a0.336,0.336 0,0 0,0.333 0.405c0.894,-0.014 1.546,-0.069 2.669,-0.069 0.692,0 2.779,0.072 3.734,0.072s1.08,-0.944 0.689,-1.03a9.013,9.013 0,0 1,-3.635 -1.415,0.55 0.55,0 0,0 -0.382,-0.145"
      android:fillColor="#263238"/>
  <path
      android:pathData="M19.187,99.438h-2.765a0.2,0.2 0,0 0,-0.194 0.156l-0.449,2.026a0.336,0.336 0,0 0,0.333 0.405c0.894,-0.014 1.546,-0.069 2.669,-0.069 0.692,0 2.779,0.072 3.734,0.072s1.08,-0.944 0.689,-1.03a9.013,9.013 0,0 1,-3.635 -1.415,0.55 0.55,0 0,0 -0.382,-0.145"
      android:fillColor="#263238"/>
  <path
      android:pathData="M19.593,98.489h-3.337s0.272,-28.728 -3.337,-38.431a453.683,453.683 0,0 1,-0.822 9.308c-0.177,1.716 -0.35,3.191 -0.515,4.314 -1.051,7.236 -3.7,25.1 -3.7,25.1h-3.3s0.391,-17.116 0.781,-24.228c0.431,-7.719 0.617,-24.688 0.634,-26.135h12.077c1.149,6.078 4.1,30.391 1.52,50.073"
      android:fillColor="#263238"/>
  <group>
    <clip-path
        android:pathData="M-21.695,-132.841h4.081v15.248L-21.695,-117.593z"/>
    <path
        android:fillColor="#FF000000"
        android:pathData="M12.918,60.046a454.436,454.436 0,0 1,-0.822 9.314c-0.411,-4 -0.915,-6.857 -0.915,-6.857a12.479,12.479 0,0 1,-1.768 -2.457c-1.3,-2.072 0,-5.934 0,-5.934 -0.041,3.589 3.505,5.934 3.505,5.934"
        android:strokeAlpha="0.2"
        android:fillAlpha="0.2"/>
  </group>
  <path
      android:pathData="m19.963,97.548 l-0.163,0.941L15.863,98.489v-0.864z"
      android:fillColor="#263238"/>
  <path
      android:pathData="m8.258,97.91 l-0.378,0.868h-3.307l-0.217,-0.868z"
      android:fillColor="#263238"/>
  <path
      android:pathData="M12.565,20.927s3.2,-0.84 3.743,-1.634 -1.994,-0.9 -3.7,-0.191 -0.038,1.826 -0.038,1.826"
      android:fillColor="#263238"/>
  <group>
    <clip-path
        android:pathData="M-29.049,-45.725h4.549v2.301L-29.049,-43.424z"/>
    <path
        android:pathData="M12.566,20.927s3.2,-0.84 3.743,-1.634 -1.994,-0.9 -3.7,-0.191 -0.038,1.826 -0.038,1.826"
        android:strokeAlpha="0.2"
        android:fillColor="#fff"
        android:fillAlpha="0.2"/>
  </group>
  <path
      android:pathData="M13.689,24.645a3.277,3.277 0,0 1,-0.1 0.322,3.2 3.2,0 0,1 -1.538,1.755 2.868,2.868 0,0 1,-2.465 0.109,2.9 2.9,0 0,1 -0.941,-0.651c-1.14,-1.152 -1.11,-2.481 -1.238,-4.731a3.086,3.086 0,0 1,4.258 -3.078c2.207,0.9 2.51,4.249 2.022,6.275"
      android:fillColor="#e4897b"/>
  <group>
    <clip-path
        android:pathData="M-23.537,-63.907h2.877v1.026L-23.537,-62.881z"/>
    <path
        android:fillColor="#FF000000"
        android:pathData="M12.463,26.466a3.161,3.161 0,0 1,-0.412 0.255,2.868 2.868,0 0,1 -2.465,0.109 3.358,3.358 0,0 1,0.4 -0.764,4.443 4.443,0 0,1 2.475,0.4"
        android:strokeAlpha="0.2"
        android:fillAlpha="0.2"/>
  </group>
  <path
      android:pathData="M7.936,29.385c1.109,1.007 3.824,0.635 3.824,0.635s1.7,-0.464 1.339,-0.994a1.888,1.888 0,0 1,-1.681 -1.228,2.9 2.9,0 0,1 -0.1,-1.14 5.994,5.994 0,0 1,0.084 -0.637l-3.358,-2.486c0.44,1.641 0.978,4.66 -0.107,5.85"
      android:fillColor="#e4897b"/>
  <path
      android:pathData="M11.027,17.4s0.6,-0.364 1.611,0.594c0.856,0.807 -0.006,1.455 0.512,2.49a2.184,2.184 0,0 1,-0.18 2.055s-0.494,1.064 -1.353,1a2.638,2.638 0,0 0,-0.589 1.727c0.111,0.878 -1.148,1.572 -2.865,1.549s-1.031,-1.094 -1.031,-1.094a7.081,7.081 0,0 1,-1.196 -1.93,6.634 6.634,0 0,1 -0.488,-2.689 3.605,3.605 0,0 1,0.992 -2.6c1.145,-1.29 3.878,-1.939 4.583,-1.1"
      android:fillColor="#263238"/>
  <path
      android:pathData="M11.186,23.046a1.458,1.458 0,0 0,0.749 1c0.458,0.195 0.759,-0.451 0.693,-1.128 -0.063,-0.6 -0.373,-1.444 -0.864,-1.332s-0.738,0.855 -0.578,1.46"
      android:fillColor="#e4897b"/>
  <path
      android:pathData="M5.51,22.536s3.426,0.448 8.341,-2.265c0,0 -1.074,-3.64 -2.545,-3.76s-5.713,1.547 -5.98,2.237c-0.311,0.8 0.184,3.788 0.184,3.788"
      android:fillColor="#4a6e60"/>
  <path
      android:pathData="M5.713,21.877s-0.07,-1.116 0.173,-1.259 1.4,-0.378 1.59,-0.2a4.469,4.469 0,0 1,0.438 1.212,5.251 5.251,0 0,1 -2.2,0.252"
      android:fillColor="#263238"/>
  <path
      android:pathData="M12.566,20.926S13.654,20.239 13.624,19.599l2.685,-0.307s-0.272,0.842 -3.743,1.634"
      android:fillColor="#263238"/>
  <group>
    <clip-path
        android:pathData="M-30.847,-47.361h3.743v1.634L-30.847,-45.727z"/>
    <path
        android:pathData="M12.565,20.926S13.653,20.239 13.623,19.599l2.685,-0.307s-0.272,0.842 -3.743,1.634"
        android:strokeAlpha="0.2"
        android:fillColor="#fff"
        android:fillAlpha="0.2"/>
  </group>
  <path
      android:pathData="M5.699,49.221a83.738,83.738 0,0 0,-0.226 -13.236c-0.179,-2.055 -0.434,-4.29 -0.793,-6.666 0,0 6.567,-1.45 11.146,0 0,0 0.292,1.511 0.651,3.968 0.1,0.7 0.211,1.482 0.318,2.324 0.067,0.521 0.145,1.08 0.226,1.67a99.754,99.754 0,0 1,1.207 11.731z"
      android:fillColor="#4a6e60"/>
  <group>
    <clip-path
        android:pathData="M-13.434,-71.977h12.758v19.902L-13.434,-52.075z"/>
    <path
        android:pathData="M5.699,49.223a83.738,83.738 0,0 0,-0.226 -13.236c0.637,-5.152 2.463,-6.6 2.463,-6.6l3.595,-0.067c3.265,4.835 4.006,5.9 5.265,6.292a122.11,122.11 0,0 1,1.432 13.4z"
        android:fillColor="#509f80"/>
  </group>
  <group>
    <clip-path
        android:pathData="M-38.14,-80.425h1.488v4.524L-38.14,-75.901z"/>
    <path
        android:fillColor="#FF000000"
        android:pathData="M17.025,37.285c-2.287,-2.373 -1.256,-4.524 -1.256,-4.524l0.709,0.527c0.1,0.7 0.211,1.482 0.318,2.324 0.067,0.521 0.145,1.08 0.226,1.67"
        android:strokeAlpha="0.2"
        android:fillAlpha="0.2"/>
  </group>
  <path
      android:pathData="M16.868,34.472s4.168,2.769 5.771,3.248 8.445,-3.983 8.445,-3.983l2.672,0.346s0.573,-1.861 0,-2.31 -2.84,0.273 -3.2,0.522c-0.32,0.225 -6.832,2.47 -7.176,2.6s-5.215,-3.414 -5.215,-3.414z"
      android:fillColor="#e4897b"/>
  <path
      android:pathData="M15.826,29.322a5.116,5.116 0,0 0,0 5.752l4.008,2.236 2.176,-4.115a27.408,27.408 0,0 0,-6.183 -3.873"
      android:fillColor="#4a6e60"/>
</vector>
