<?xml version="1.0" encoding="utf-8"?>
<layer-list xmlns:android="http://schemas.android.com/apk/res/android">
<item>
    <shape android:shape="rectangle" >
        <corners android:radius="5dp"/>

        <gradient
            android:angle="180"
            android:endColor="#4c5b8d28"
            android:startColor="#4c5b8d28" />
    </shape>
</item>
<item>
    <clip>
        <shape android:shape="rectangle" >
            <corners android:radius="5dp" />

            <gradient
                android:angle="180"
                android:endColor="#ebc03d"
                android:startColor="#ebc03d" />
        </shape>
    </clip>
</item>
<item>
    <clip>
        <shape android:shape="rectangle" >
            <corners android:radius="5dp" />

            <gradient
                android:angle="180"

                android:endColor="#ebc03d"
                android:startColor="#ebc03d" />
        </shape>
    </clip>
</item>

</layer-list>
