<?xml version="1.0" encoding="utf-8"?>
<ripple xmlns:android="http://schemas.android.com/apk/res/android"
    android:color="@color/white">
    <!--<item android:state_pressed="true">
        <shape android:shape="rectangle">
            <corners android:radius="10dp" />

            <stroke
                android:width="1dp"
                android:color="@color/unselected" />
        </shape>
    </item>-->
    <item>
        <shape android:shape="rectangle">
            <solid android:color="@color/white"/>
            <corners android:radius="10dp" />
            <stroke
                android:width="3dp"
                android:color="@color/selected" />
        </shape>
    </item>
</ripple>