<?xml version="1.0" encoding="utf-8"?>
<resources>
    <!-- Default screen margins, per the Android Design guidelines. -->
    <dimen name="activity_horizontal_margin">16dp</dimen>
    <dimen name="activity_vertical_margin">16dp</dimen>

    <dimen name="wide_space">24dp</dimen>
    <dimen name="narrow_space">8dp</dimen>
    <dimen name="headline_text_size">24sp</dimen>

    <dimen name="progress_bar_min_height">6dp</dimen>
    <dimen name="progress_bar_top_margin">4dp</dimen>

    <!--Welcome sceen-->
    <!-- Default screen margins, per the Android Design guidelines. -->
    <dimen name="dp_10">10dp</dimen>
    <dimen name="dp_80">80dp</dimen>
    <dimen name="sp_14">14dp</dimen>
    <dimen name="dp_50">50dp</dimen>
    <dimen name="sp_20">20dp</dimen>
    <dimen name="sp_18">18dp</dimen>
    <dimen name="sp_10">10dp</dimen>
    <dimen name="sp_12">12dp</dimen>
    <dimen name="dp_100">100dp</dimen>
    <dimen name="dp_5">5dp</dimen>
    <dimen name="sp_16">16dp</dimen>
    <dimen name="dp_24">24dp</dimen>
    <dimen name="dp_28">28dp</dimen>
    <dimen name="dp_40">40dp</dimen>
    <dimen name="dp_150">150dp</dimen>
    <dimen name="dp_30">30dp</dimen>
    <dimen name="dp_20">20dp</dimen>
    <dimen name="nav_header_vertical_spacing">8dp</dimen>
    <dimen name="nav_header_height">176dp</dimen>
    <dimen name="fab_margin">16dp</dimen>
    <dimen name="dp_75">75dp</dimen>
    <dimen name="dp_60">60dp</dimen>
    <dimen name="dp_2">2dp</dimen>
    <dimen name="dp_120">120dp</dimen>
    <dimen name="dp_110">110dp</dimen>
</resources>