<resources>
    <!-- Base application theme. -->
    <style name="AppTheme" parent="Theme.MaterialComponents.Light.NoActionBar.Bridge">
        <!-- Customize your theme here. -->
        <item name="colorPrimary">@color/colorPrimary</item>
        <item name="colorPrimaryDark">@color/colorPrimary</item>
        <item name="colorAccent">@color/check_box_color</item>
        <item name="windowActionBar">false</item>
        <item name="android:forceDarkAllowed">false</item>
        <item name="windowNoTitle">true</item>
        <item name="android:statusBarColor">@color/colorPrimary</item>
        <item name="android:windowAnimationStyle">@style/CustomActivityAnimation</item>
    </style>
    <style name="CustomActivityAnimation" parent="@android:style/Animation.Activity">
        <item name="android:activityOpenEnterAnimation">@anim/slide_in_right</item>
        <item name="android:activityOpenExitAnimation">@anim/slide_out_left</item>
        <item name="android:activityCloseEnterAnimation">@anim/slide_in_left</item>
        <item name="android:activityCloseExitAnimation">@anim/slide_out_right</item>
    </style>
    <style name="WindowAnimationStyle">
        <item name="android:windowEnterAnimation">@android:anim/fade_in</item>
        <item name="android:windowExitAnimation">@android:anim/fade_out</item>
    </style>   <style name="CustomDialogTheme">
        <item name="android:windowBackground">@android:color/transparent</item>
    </style>
        <style name="DialogStyle" parent="ThemeOverlay.MaterialComponents.Dialog.Alert">
            <!-- dialog_background is drawable shape with corner radius -->
            <item name="android:background">@drawable/corner_radius</item>
            <item name="android:windowBackground">@android:color/transparent</item>
        </style>
    <style name="BottomNavigationView" parent="@style/TextAppearance.AppCompat.Caption">
        <item name="android:textSize">10dp</item>
    </style>

    <style name="BottomNavigationView.Active" parent="@style/TextAppearance.AppCompat.Caption">
        <item name="android:textSize">11dp</item>
    </style>

    <style name="BottomNavigationTheme" parent="Theme.MaterialComponents.Light">
        <item name="colorPrimary">@color/selected</item>
        <item name="android:textColorSecondary">@color/unselected</item>
    </style>

    <style name="ThemeOverlay.AppTheme.BottomNavigationView" parent="@style/ThemeOverlay.MaterialComponents">
        <item name="colorPrimary">@color/green_category</item>
        <item name="android:textColorSecondary">@color/gray</item>
        <item name="colorSurface">@color/white</item>
    </style>

    <style name="tab_text" parent="@android:style/TextAppearance.Widget.TabWidget">
        <item name="tabTextColor">@color/label_tab_text_color</item>
        <item name="background">@color/white</item>
        <item name="fontFamily">@font/roboto_medium</item>
        <item name="android:textStyle">bold</item>
        <item name="android:textSize">14sp</item>
    </style>

    <style name="tab_text_2" parent="@android:style/TextAppearance.Widget.TabWidget">
        <item name="tabTextColor">@color/label_tab_text_color</item>
        <item name="background">@color/white</item>
        <item name="fontFamily">@font/ginger_pro_semibold</item>
        <item name="android:textSize">14sp</item>
    </style>

    <style name="Base.Widget.Design.TabLayout" parent="android:Widget">
        <item name="tabIndicatorColor">@color/gray_light</item>
        <item name="tabIndicatorHeight">10dp</item>
        <item name="tabPaddingStart">12dp</item>
        <item name="tabPaddingEnd">12dp</item>
        <item name="tabBackground">?attr/selectableItemBackground</item>
        <item name="tabTextAppearance">@style/TextAppearance.Design.Tab</item>
        <item name="tabSelectedTextColor">?android:textColorPrimary</item>
    </style>

    <style name="CustomCheckbox" parent="Widget.AppCompat.CompoundButton.CheckBox">
        <item name="android:button">@drawable/checkbox_selector</item>
        <item name="android:background">@android:color/transparent</item>
    </style>
    <style name="SCBSwitch" parent="Theme.AppCompat.Light">
        <!-- active thumb & track color (30% transparency) -->
        <item name="colorControlActivated">#29B67F</item>

        <!-- inactive thumb color -->
        <item name="colorSwitchThumbNormal">#f1f1f1
        </item>

        <!-- inactive track color (30% transparency) -->
        <item name="android:colorForeground">#42221f1f
        </item>
    </style>
    <style name="CalenderViewCustom" parent="Theme.AppCompat">
        <item name="colorAccent">@color/green_category</item>
    </style>
    <style name="MyTimePickerDialogTheme" parent="@style/Theme.AppCompat.Light.Dialog">
        <item name="android:textColor">@color/colorAccent</item>
        <item name="colorAccent">@color/colorAccent</item>
        <item name="colorControlActivated">@color/black</item>
    </style>
    <style name="CalenderViewDateCustomText" parent="android:TextAppearance.DeviceDefault.Small">
        <item name="android:textColor">@color/black</item>
    </style>
    <style name="CalenderViewMonthCustomText" parent="android:TextAppearance.DeviceDefault.Small">
        <item name="android:textColor">@color/black</item>
    </style>

    <style name="CalenderViewWeekCustomText" parent="android:TextAppearance.DeviceDefault.Small">
        <item name="android:textColor">@color/green_category</item>
    </style>

    <style name="datepickerTheme" parent="Theme.AppCompat.Light.Dialog">
        <item name="colorAccent">@color/green_category</item>
        <item name="colorControlActivated">@color/green_category</item>
        <item name="colorControlHighlight">@color/green_category</item>
        <item name="android:textColor">@color/colorAccent</item>
    </style>
    <style name="CheckButtonStyle" parent="Theme.AppCompat.Light">
        <item name="colorAccent">@color/green_category</item>
        <item name="android:textColorSecondary">@color/gray</item>
    </style>

    <style name="RadioButtonStyle" parent="Theme.AppCompat.Light">
        <item name="colorAccent">@color/green_category</item>
        <item name="android:textColorSecondary">@color/gray</item>
    </style>
    <style name="Style_Menu" parent="@style/TextAppearance.AppCompat.Caption">
        <item name="fontFamily">@font/ginger_pro_light</item>
        <item name="android:textSize">12dp</item>
    </style>
    <style name="Theme.AppCompat.Light.NoActionBar.FullScreen" parent="@style/Theme.AppCompat.Light.NoActionBar">
        <item name="android:windowNoTitle">true</item>
        <item name="android:windowActionBar">false</item>
        <item name="android:windowFullscreen">true</item>
        <item name="android:windowContentOverlay">@null</item>
    </style>
    <style name="SpinnerTheme" parent="android:Widget.Spinner">
        <item name="android:background">@drawable/bg_spinner_arrow</item>
    </style>
    <style name="DialogTheme" parent="Theme.AppCompat.Light">
        <item name="colorAccent">@color/green_category</item>
    </style>

    <style name="DialogThemeFull" parent="Theme.AppCompat.Light.Dialog">
        <item name="android:windowBackground">@null</item>
        <item name="android:windowNoTitle">true</item>
        <item name="android:windowIsFloating">false</item>
    </style>

    <style name="MaterialCalendarTheme" parent="ThemeOverlay.MaterialComponents.MaterialCalendar">
        <!-- just override the colors used in the default style -->
        <item name="colorOnPrimary">@color/white</item>
        <item name="colorPrimary">@color/colorPrimary</item>
        <item name="android:textColor">@color/white</item>

    </style>

    <style name="Widget.MaterialComponents.MaterialCalendar" parent="android:Widget">
        <item name="android:windowFullscreen">false</item>
        <item name="shapeAppearance">?attr/shapeAppearanceMediumComponent</item>
        <item name="dayStyle">@style/Widget.MaterialComponents.MaterialCalendar.Day</item>
        <item name="dayInvalidStyle">@style/Widget.MaterialComponents.MaterialCalendar.Day.Invalid</item>
        <item name="daySelectedStyle">@style/Widget.MaterialComponents.MaterialCalendar.Day.Selected</item>
        <item name="dayTodayStyle">@style/Widget.MaterialComponents.MaterialCalendar.Day.Today</item>
        <item name="yearStyle">@style/Widget.MaterialComponents.MaterialCalendar.Year</item>
        <item name="yearSelectedStyle">@style/Widget.MaterialComponents.MaterialCalendar.Year.Selected</item>
        <item name="yearTodayStyle">@style/Widget.MaterialComponents.MaterialCalendar.Year.Today</item>
        <item name="rangeFillColor">@color/mtrl_calendar_selected_range</item>
    </style>
    <style name="ThemeOverlay.App.MaterialCalendar" parent="@style/ThemeOverlay.MaterialComponents.MaterialCalendar">
        <item name="textInputStyle">@style/Widget.App.TextInputLayout</item>
    </style>

    <style name="Widget.App.TextInputLayout" parent="Widget.MaterialComponents.TextInputLayout.FilledBox">
        <item name="boxBackgroundColor">@color/green_category</item>
    </style>

    <style name="ThemeMaterialCalendar" parent="ThemeOverlay.MaterialComponents.MaterialCalendar">
        <item name="buttonBarPositiveButtonStyle">@style/ThemeMaterialCalendarButton</item>
        <item name="buttonBarNegativeButtonStyle">@style/ThemeMaterialCalendarButton</item>
        <item name="materialButtonStyle">@style/ThemeMaterialCalendarTextButton</item>
    </style>

    <style name="ThemeMaterialCalendarButton" parent="Widget.MaterialComponents.Button.TextButton.Dialog">
        <item name="android:textColor">@color/green_category</item>
    </style>

    <style name="ThemeMaterialCalendarTextButton" parent="Widget.MaterialComponents.Button.TextButton.Dialog.Flush">
        <item name="android:textColor">@color/green_category</item>
        <item name="iconTint">@color/green_category</item>
    </style>
</resources>
